Wavelength (nm),Extraterrestrial W*m-2*nm-1,Global tilt  W*m-2*nm-1,Direct+circumsolar W*m-2*nm-1,,Wavelength (nm),W*m-2*nm-1
280,0.082,4.73E-23,2.54E-26,,119.5,6.19E-05
280.5,0.099,1.23E-21,1.09E-24,,120.5,0.000561
281,0.15,5.69E-21,6.13E-24,,121.5,0.0049
281.5,0.212,1.57E-19,2.75E-22,,122.5,0.00118
282,0.267,1.19E-18,2.83E-21,,123.5,4.77E-05
282.5,0.303,4.54E-18,1.33E-20,,124.5,3.43E-05
283,0.325,1.85E-17,6.76E-20,,125.5,2.88E-05
283.5,0.323,3.54E-17,1.46E-19,,126.5,3.52E-05
284,0.299,7.27E-16,4.98E-18,,127.5,2.13E-05
284.5,0.25,2.49E-15,2.16E-17,,128.5,1.73E-05
285,0.176,8.01E-15,9E-17,,129.5,3.99E-05
285.5,0.155,4.26E-14,6.44E-16,,130.5,0.000121
286,0.242,1.37E-13,2.35E-15,,131.5,3.98E-05
286.5,0.333,8.38E-13,1.85E-14,,132.5,4.13E-05
287,0.362,2.74E-12,7.25E-14,,133.5,0.000168
287.5,0.339,1.09E-11,3.66E-13,,134.5,4.57E-05
288,0.311,6.23E-11,2.81E-12,,135.5,3.8E-05
288.5,0.325,1.72E-10,9.07E-12,,136.5,3.09E-05
289,0.392,5.63E-10,3.5E-11,,137.5,2.92E-05
289.5,0.479,2.07E-09,1.54E-10,,138.5,3.97E-05
290,0.563,6.02E-09,5.15E-10,,139.5,7.56E-05
290.5,0.606,1.38E-08,1.33E-09,,140.5,6.08E-05
291,0.618,3.51E-08,3.9E-09,,141.5,4.21E-05
291.5,0.598,1.09E-07,1.44E-08,,142.5,4.68E-05
292,0.567,2.68E-07,4.08E-08,,143.5,5.11E-05
292.5,0.529,4.27E-07,7.04E-08,,144.5,5.09E-05
293,0.538,8.65E-07,1.58E-07,,145.5,5.54E-05
293.5,0.549,2.27E-06,4.71E-07,,146.5,7.09E-05
294,0.533,4.17E-06,9.46E-07,,147.5,8.49E-05
294.5,0.52,6.59E-06,1.6E-06,,148.5,8.2E-05
295,0.527,1.23E-05,3.22E-06,,149.5,7.96E-05
295.5,0.559,2.78E-05,8.02E-06,,150.5,8.7E-05
296,0.573,4.79E-05,1.47E-05,,151.5,9.27E-05
296.5,0.521,7.13E-05,2.33E-05,,152.5,0.000116
297,0.478,9.68E-05,3.32E-05,,153.5,0.00013
297.5,0.529,0.000186,6.79E-05,,154.5,0.000206
298,0.528,0.00029,0.000111,,155.5,0.000214
298.5,0.468,0.000358,0.000143,,156.5,0.000185
299,0.472,0.000492,0.000203,,157.5,0.000172
299.5,0.501,0.000861,0.000374,,158.5,0.000168
300,0.458,0.00102,0.000456,,159.5,0.000175
300.5,0.433,0.00125,0.000572,,160.5,0.000193
301,0.463,0.00193,0.000919,,161.5,0.000223
301.5,0.478,0.00269,0.00132,,162.5,0.000252
302,0.449,0.00292,0.00146,,163.5,0.000284
302.5,0.508,0.00428,0.00219,,164.5,0.000297
303,0.612,0.00709,0.00373,,165.5,0.00043
303.5,0.646,0.00898,0.0048,,166.5,0.000399
304,0.621,0.00947,0.0051,,167.5,0.000387
304.5,0.626,0.012,0.00647,,168.5,0.000456
305,0.642,0.0165,0.00893,,169.5,0.000588
305.5,0.611,0.0187,0.0102,,170.5,0.000662
306,0.565,0.0186,0.0101,,171.5,0.000688
306.5,0.575,0.0211,0.0116,,172.5,0.000725
307,0.605,0.0278,0.0152,,173.5,0.000764
307.5,0.631,0.0356,0.0195,,174.5,0.000907
308,0.645,0.0378,0.0208,,175.5,0.00108
308.5,0.64,0.0414,0.0227,,176.5,0.00122
309,0.58,0.0405,0.0223,,177.5,0.0014
309.5,0.5,0.0433,0.0237,,178.5,0.00154
310,0.533,0.0509,0.0278,,179.5,0.00158
310.5,0.652,0.0655,0.0359,,180.5,0.00183
311,0.762,0.0829,0.0454,,181.5,0.00223
311.5,0.744,0.0841,0.0462,,182.5,0.00224
312,0.706,0.0934,0.0509,,183.5,0.00224
312.5,0.676,0.099,0.0538,,184.5,0.00207
313,0.694,0.107,0.0583,,185.5,0.00231
313.5,0.724,0.108,0.059,,186.5,0.0027
314,0.717,0.12,0.0653,,187.5,0.00301
314.5,0.676,0.131,0.0705,,188.5,0.00329
315,0.684,0.136,0.0737,,189.5,0.00357
315.5,0.632,0.118,0.0648,,190.5,0.00376
316,0.587,0.123,0.0671,,191.5,0.00417
316.5,0.649,0.15,0.0811,,192.5,0.00411
317,0.739,0.172,0.093,,193.5,0.00381
317.5,0.802,0.182,0.0997,,194.5,0.00521
318,0.724,0.176,0.0958,,195.5,0.00543
318.5,0.68,0.186,0.1,,196.5,0.00601
319,0.706,0.205,0.11,,197.5,0.00619
319.5,0.733,0.196,0.107,,198.5,0.00619
320,0.775,0.205,0.113,,199.5,0.00666
320.5,0.826,0.245,0.133,,200.5,0.00733
321,0.765,0.25,0.134,,201.5,0.00802
321.5,0.719,0.238,0.128,,202.5,0.00826
322,0.735,0.222,0.122,,203.5,0.00922
322.5,0.712,0.217,0.12,,204.5,0.0103
323,0.649,0.212,0.116,,205.5,0.0105
323.5,0.681,0.249,0.134,,206.5,0.0111
324,0.741,0.275,0.149,,207.5,0.0126
324.5,0.788,0.283,0.155,,208.5,0.0151
325,0.829,0.279,0.155,,209.5,0.0214
325.5,0.914,0.324,0.179,,210.5,0.0279
326,0.998,0.381,0.209,,211.5,0.0335
326.5,1.02,0.407,0.222,,212.5,0.0313
327,1,0.398,0.218,,213.5,0.0331
327.5,0.987,0.385,0.213,,214.5,0.04
328,0.957,0.351,0.198,,215.5,0.0362
328.5,0.934,0.372,0.207,,216.5,0.0323
329,1,0.422,0.233,,217.5,0.0353
329.5,1.1,0.469,0.259,,218.5,0.0444
330,1.11,0.471,0.262,,219.5,0.0469
330.5,1.04,0.428,0.241,,220.5,0.0473
331,0.991,0.403,0.228,,221.5,0.0396
331.5,0.994,0.418,0.236,,222.5,0.0496
332,0.993,0.436,0.245,,223.5,0.063
332.5,0.98,0.439,0.247,,224.5,0.059
333,0.964,0.429,0.243,,225.5,0.0523
333.5,0.937,0.407,0.233,,226.5,0.0394
334,0.956,0.415,0.238,,227.5,0.0399
334.5,0.989,0.445,0.254,,228.5,0.052
335,1.01,0.464,0.265,,229.5,0.0477
335.5,0.975,0.453,0.259,,230.5,0.0521
336,0.89,0.415,0.238,,231.5,0.051
336.5,0.829,0.382,0.221,,232.5,0.0533
337,0.818,0.374,0.218,,233.5,0.0447
337.5,0.877,0.401,0.234,,234.5,0.039
338,0.925,0.434,0.253,,235.5,0.0514
338.5,0.958,0.455,0.265,,236.5,0.0486
339,0.969,0.464,0.271,,237.5,0.0484
339.5,0.989,0.474,0.278,,238.5,0.042
340,1.05,0.502,0.297,,239.5,0.0441
340.5,1.05,0.501,0.297,,240.5,0.0396
341,0.971,0.471,0.279,,241.5,0.0515
341.5,0.959,0.469,0.279,,242.5,0.0706
342,0.996,0.489,0.291,,243.5,0.0665
342.5,1.03,0.508,0.303,,244.5,0.061
343,1.04,0.515,0.309,,245.5,0.0494
343.5,0.983,0.486,0.292,,246.5,0.0504
344,0.854,0.418,0.254,,247.5,0.0555
344.5,0.813,0.403,0.244,,248.5,0.0456
345,0.916,0.459,0.279,,249.5,0.0564
345.5,0.97,0.489,0.298,,250.5,0.0601
346,0.943,0.478,0.291,,251.5,0.046
346.5,0.956,0.487,0.297,,252.5,0.0415
347,0.97,0.494,0.303,,253.5,0.0515
347.5,0.933,0.477,0.294,,254.5,0.0596
348,0.925,0.475,0.293,,255.5,0.0793
348.5,0.937,0.483,0.299,,256.5,0.102
349,0.899,0.466,0.289,,257.5,0.125
349.5,0.92,0.478,0.297,,258.5,0.125
350,1.01,0.528,0.329,,259.5,0.104
350.5,1.08,0.567,0.355,,260.5,0.0855
351,1.05,0.552,0.346,,261.5,0.0898
351.5,1.01,0.53,0.334,,262.5,0.104
352,0.984,0.518,0.327,,263.5,0.166
352.5,0.926,0.49,0.31,,264.5,0.25
353,0.98,0.52,0.33,,265.5,0.253
353.5,1.08,0.572,0.364,,266.5,0.249
354,1.13,0.605,0.385,,267.5,0.251
354.5,1.14,0.612,0.39,,268.5,0.244
355,1.14,0.611,0.391,,269.5,0.239
355.5,1.1,0.59,0.379,,270.5,0.267
356,1.02,0.554,0.356,,271.5,0.224
356.5,0.959,0.519,0.335,,272.5,0.197
357,0.842,0.457,0.295,,273.5,0.197
357.5,0.85,0.462,0.299,,274.5,0.133
358,0.789,0.43,0.279,,275.5,0.175
358.5,0.731,0.399,0.26,,276.5,0.243
359,0.858,0.47,0.306,,277.5,0.234
359.5,1.03,0.565,0.37,,278.5,0.159
360,1.09,0.598,0.392,,279.5,0.0856
360.5,1.03,0.565,0.372,,280.5,0.0946
361,0.942,0.52,0.343,,281.5,0.208
361.5,0.918,0.51,0.336,,282.5,0.294
362,0.958,0.534,0.353,,283.5,0.314
362.5,1.04,0.585,0.388,,284.5,0.235
363,1.07,0.602,0.4,,285.5,0.163
363.5,1.04,0.585,0.39,,286.5,0.323
364,1.07,0.606,0.405,,287.5,0.336
364.5,1.06,0.601,0.402,,288.5,0.322
365,1.1,0.624,0.418,,289.5,0.473
365.5,1.2,0.686,0.461,,290.5,0.601
366,1.29,0.735,0.495,,291.5,0.581
366.5,1.28,0.737,0.497,,292.5,0.522
367,1.26,0.723,0.489,,293.5,0.535
367.5,1.23,0.709,0.48,,294.5,0.509
368,1.16,0.668,0.453,,295.5,0.553
368.5,1.15,0.663,0.451,,296.5,0.51
369,1.19,0.693,0.472,,297.5,0.507
369.5,1.28,0.745,0.509,,298.5,0.466
370,1.29,0.755,0.517,,299.5,0.484
370.5,1.17,0.683,0.468,,300.5,0.42
371,1.18,0.693,0.476,,301.5,0.456
371.5,1.22,0.721,0.496,,302.5,0.489
372,1.14,0.674,0.465,,303.5,0.621
372.5,1.09,0.643,0.444,,304.5,0.603
373,1.04,0.619,0.428,,305.5,0.595
373.5,0.939,0.558,0.387,,306.5,0.556
374,0.934,0.556,0.387,,307.5,0.615
374.5,0.925,0.552,0.384,,308.5,0.611
375,0.985,0.589,0.411,,309.5,0.496
375.5,1.09,0.652,0.455,,310.5,0.622
376,1.12,0.675,0.472,,311.5,0.729
376.5,1.1,0.664,0.465,,312.5,0.656
377,1.18,0.712,0.5,,313.5,0.7
377.5,1.31,0.795,0.559,,314.5,0.663
378,1.41,0.856,0.603,,315.5,0.633
378.5,1.38,0.834,0.589,,316.5,0.633
379,1.23,0.744,0.526,,317.5,0.774
379.5,1.1,0.667,0.473,,318.5,0.665
380,1.15,0.701,0.498,,319.5,0.711
380.5,1.23,0.751,0.534,,320.5,0.805
381,1.25,0.764,0.544,,321.5,0.7
381.5,1.12,0.688,0.491,,322.5,0.689
382,0.954,0.587,0.42,,323.5,0.661
382.5,0.823,0.508,0.364,,324.5,0.761
383,0.736,0.455,0.326,,325.5,0.876
383.5,0.711,0.44,0.317,,326.5,0.98
384,0.821,0.51,0.367,,327.5,0.953
384.5,0.986,0.614,0.442,,328.5,0.918
385,1.08,0.674,0.486,,329.5,1.06
385.5,1.03,0.644,0.465,,330.5,1.02
386,0.991,0.621,0.45,,331.5,0.966
386.5,1.03,0.646,0.468,,332.5,0.955
387,1.04,0.651,0.473,,333.5,0.922
387.5,1.02,0.642,0.467,,334.5,0.959
388,1.01,0.636,0.464,,335.5,0.943
388.5,0.997,0.631,0.461,,336.5,0.809
389,1.08,0.685,0.501,,337.5,0.842
389.5,1.2,0.76,0.556,,338.5,0.921
390,1.25,0.797,0.585,,339.5,0.958
390.5,1.26,0.804,0.59,,340.5,1.01
391,1.33,0.851,0.626,,341.5,0.924
391.5,1.35,0.863,0.636,,342.5,0.993
392,1.24,0.795,0.587,,343.5,0.951
392.5,1.03,0.663,0.49,,344.5,0.796
393,0.745,0.48,0.355,,345.5,0.939
393.5,0.591,0.382,0.283,,346.5,0.926
394,0.767,0.496,0.368,,347.5,0.902
394.5,1.06,0.684,0.508,,348.5,0.897
395,1.25,0.808,0.601,,349.5,0.89
395.5,1.32,0.86,0.641,,350.5,1.05
396,1.16,0.757,0.564,,351.5,0.98
396.5,0.843,0.55,0.411,,352.5,0.908
397,0.652,0.426,0.319,,353.5,1.03
397.5,0.961,0.629,0.472,,354.5,1.11
398,1.3,0.852,0.639,,355.5,1.04
398.5,1.53,1.01,0.756,,356.5,0.912
399,1.62,1.07,0.804,,357.5,0.796
399.5,1.67,1.1,0.83,,358.5,0.694
400,1.69,1.11,0.84,,359.5,0.991
401,1.75,1.16,0.877,,360.5,0.971
402,1.81,1.21,0.914,,361.5,0.878
403,1.74,1.16,0.882,,362.5,0.998
404,1.76,1.18,0.898,,363.5,0.997
405,1.72,1.15,0.878,,364.5,1.01
406,1.67,1.12,0.859,,365.5,1.15
407,1.63,1.1,0.845,,366.5,1.23
408,1.7,1.15,0.885,,367.5,1.18
409,1.81,1.23,0.947,,368.5,1.1
410,1.54,1.05,0.809,,369.5,1.23
411,1.72,1.17,0.908,,370.5,1.14
412,1.82,1.25,0.967,,371.5,1.18
413,1.74,1.2,0.93,,372.5,1.05
414,1.71,1.18,0.921,,373.5,0.92
415,1.77,1.23,0.956,,374.5,0.9
416,1.81,1.26,0.986,,375.5,1.06
417,1.77,1.23,0.964,,376.5,1.08
418,1.69,1.18,0.924,,377.5,1.28
419,1.75,1.23,0.964,,378.5,1.33
420,1.6,1.12,0.885,,379.5,1.07
421,1.81,1.28,1.01,,380.5,1.2
422,1.78,1.26,0.995,,381.5,1.08
423,1.72,1.22,0.965,,382.5,0.791
424,1.71,1.21,0.962,,383.5,0.684
425,1.75,1.25,0.993,,384.5,0.96
426,1.7,1.21,0.967,,385.5,1.01
427,1.64,1.17,0.935,,386.5,1.01
428,1.65,1.18,0.946,,387.5,1
429,1.52,1.1,0.878,,388.5,0.984
430,1.21,0.875,0.701,,389.5,1.17
431,1.1,0.794,0.638,,390.5,1.25
432,1.82,1.32,1.06,,391.5,1.34
433,1.69,1.23,0.991,,392.5,1.02
434,1.56,1.14,0.917,,393.5,0.582
435,1.71,1.25,1.01,,394.5,1.03
436,1.87,1.37,1.11,,395.5,1.31
437,1.9,1.39,1.13,,396.5,0.855
438,1.66,1.22,0.994,,397.5,0.929
439,1.6,1.18,0.958,,398.5,1.52
440,1.83,1.35,1.1,,399.5,1.66
441,1.8,1.33,1.09,,400.5,1.68
442,1.92,1.43,1.16,,401.5,1.75
443,1.95,1.45,1.18,,402.5,1.76
444,1.89,1.41,1.15,,403.5,1.68
445,1.97,1.46,1.2,,404.5,1.67
446,1.76,1.31,1.08,,405.5,1.67
447,1.99,1.49,1.23,,406.5,1.59
448,2.01,1.51,1.24,,407.5,1.63
449,2,1.5,1.24,,408.5,1.74
450,2.07,1.56,1.29,,409.5,1.72
451,2.14,1.62,1.34,,410.5,1.53
452,2.05,1.55,1.28,,411.5,1.82
453,1.89,1.43,1.19,,412.5,1.79
454,2.02,1.53,1.27,,413.5,1.76
455,2,1.52,1.27,,414.5,1.74
456,2.06,1.57,1.31,,415.5,1.73
457,2.08,1.59,1.32,,416.5,1.84
458,2.03,1.55,1.29,,417.5,1.67
459,2.01,1.54,1.29,,418.5,1.68
460,2,1.53,1.28,,419.5,1.7
461,2.06,1.58,1.33,,420.5,1.76
462,2.08,1.6,1.34,,421.5,1.8
463,2.08,1.6,1.35,,422.5,1.58
464,2.02,1.55,1.31,,423.5,1.71
465,1.98,1.53,1.29,,424.5,1.77
466,2.02,1.57,1.32,,425.5,1.7
467,1.93,1.5,1.26,,426.5,1.7
468,2.01,1.56,1.32,,427.5,1.57
469,2.02,1.57,1.32,,428.5,1.59
470,1.94,1.51,1.27,,429.5,1.48
471,1.97,1.53,1.3,,430.5,1.14
472,2.07,1.61,1.37,,431.5,1.69
473,1.99,1.55,1.31,,432.5,1.65
474,2.01,1.57,1.33,,433.5,1.73
475,2.08,1.62,1.38,,434.5,1.67
476,2.01,1.56,1.33,,435.5,1.72
477,2.02,1.57,1.34,,436.5,1.93
478,2.09,1.62,1.38,,437.5,1.81
479,2.04,1.59,1.36,,438.5,1.57
480,2.07,1.62,1.38,,439.5,1.82
481,2.06,1.62,1.38,,440.5,1.71
482,2.06,1.62,1.39,,441.5,1.93
483,2.03,1.6,1.37,,442.5,1.98
484,1.99,1.57,1.35,,443.5,1.91
485,1.98,1.57,1.35,,444.5,1.97
486,1.6,1.27,1.09,,445.5,1.82
487,1.79,1.42,1.22,,446.5,1.89
488,1.94,1.54,1.33,,447.5,2.08
489,1.82,1.45,1.25,,448.5,1.97
490,2.03,1.62,1.4,,449.5,2.03
491,1.95,1.56,1.34,,450.5,2.14
492,1.86,1.49,1.28,,451.5,2.11
493,1.98,1.59,1.37,,452.5,1.94
494,1.93,1.55,1.34,,453.5,1.97
495,2.05,1.65,1.42,,454.5,1.98
496,1.95,1.57,1.35,,455.5,2.03
497,1.98,1.59,1.38,,456.5,2.08
498,1.92,1.55,1.34,,457.5,2.1
499,1.92,1.55,1.34,,458.5,1.97
500,1.92,1.55,1.34,,459.5,2.01
501,1.86,1.5,1.3,,460.5,2.04
502,1.86,1.5,1.3,,461.5,2.06
503,1.95,1.57,1.36,,462.5,2.1
504,1.83,1.46,1.27,,463.5,2.04
505,1.95,1.56,1.36,,464.5,1.98
506,2.02,1.63,1.42,,465.5,2.04
507,1.94,1.56,1.35,,466.5,1.92
508,1.88,1.52,1.32,,467.5,2.02
509,1.97,1.59,1.39,,468.5,1.99
510,1.91,1.55,1.35,,469.5,1.99
511,1.94,1.58,1.38,,470.5,1.88
512,1.99,1.62,1.41,,471.5,2.02
513,1.87,1.52,1.33,,472.5,2.04
514,1.82,1.49,1.3,,473.5,1.99
515,1.88,1.53,1.34,,474.5,2.05
516,1.89,1.55,1.35,,475.5,2.02
517,1.54,1.26,1.1,,476.5,1.96
518,1.76,1.44,1.26,,477.5,2.08
519,1.7,1.4,1.22,,478.5,2.01
520,1.86,1.52,1.33,,479.5,2.08
521,1.87,1.53,1.35,,480.5,2.04
522,1.92,1.57,1.38,,481.5,2.09
523,1.8,1.48,1.3,,482.5,2.02
524,1.94,1.59,1.4,,483.5,2.02
525,1.93,1.58,1.39,,484.5,1.97
526,1.87,1.53,1.35,,485.5,1.83
527,1.64,1.34,1.18,,486.5,1.62
528,1.88,1.54,1.35,,487.5,1.83
529,1.97,1.61,1.41,,488.5,1.91
530,1.89,1.54,1.36,,489.5,1.96
531,2,1.63,1.43,,490.5,2.01
532,1.96,1.6,1.41,,491.5,1.9
533,1.75,1.43,1.26,,492.5,1.9
534,1.87,1.53,1.35,,493.5,1.89
535,1.9,1.55,1.37,,494.5,2.06
536,1.97,1.62,1.43,,495.5,1.93
537,1.82,1.5,1.32,,496.5,2.02
538,1.91,1.57,1.39,,497.5,2.02
539,1.86,1.54,1.36,,498.5,1.87
540,1.8,1.48,1.31,,499.5,1.97
541,1.73,1.43,1.26,,500.5,1.86
542,1.89,1.55,1.37,,501.5,1.81
543,1.85,1.53,1.35,,502.5,1.89
544,1.92,1.58,1.4,,503.5,1.93
545,1.87,1.54,1.37,,504.5,1.87
546,1.86,1.53,1.35,,505.5,1.99
547,1.88,1.55,1.37,,506.5,1.96
548,1.83,1.5,1.33,,507.5,1.91
549,1.88,1.55,1.38,,508.5,1.92
550,1.86,1.54,1.36,,509.5,1.92
551,1.86,1.54,1.36,,510.5,1.95
552,1.9,1.57,1.39,,511.5,2
553,1.84,1.52,1.35,,512.5,1.87
554,1.88,1.55,1.38,,513.5,1.86
555,1.89,1.56,1.39,,514.5,1.87
556,1.86,1.54,1.37,,515.5,1.9
557,1.81,1.5,1.33,,516.5,1.67
558,1.85,1.53,1.36,,517.5,1.73
559,1.75,1.45,1.29,,518.5,1.65
560,1.79,1.47,1.31,,519.5,1.83
561,1.89,1.56,1.39,,520.5,1.83
562,1.8,1.48,1.32,,521.5,1.91
563,1.87,1.54,1.37,,522.5,1.82
564,1.84,1.51,1.35,,523.5,1.89
565,1.85,1.52,1.36,,524.5,1.96
566,1.75,1.44,1.28,,525.5,1.93
567,1.87,1.53,1.37,,526.5,1.67
568,1.86,1.52,1.36,,527.5,1.83
569,1.83,1.48,1.32,,528.5,1.9
570,1.83,1.48,1.32,,529.5,1.92
571,1.76,1.43,1.28,,530.5,1.95
572,1.87,1.51,1.35,,531.5,1.96
573,1.88,1.52,1.36,,532.5,1.77
574,1.87,1.51,1.35,,533.5,1.92
575,1.83,1.48,1.32,,534.5,1.86
576,1.82,1.47,1.31,,535.5,1.99
577,1.86,1.5,1.35,,536.5,1.87
578,1.8,1.46,1.3,,537.5,1.88
579,1.82,1.48,1.32,,538.5,1.9
580,1.83,1.5,1.35,,539.5,1.83
581,1.83,1.51,1.35,,540.5,1.77
582,1.85,1.53,1.37,,541.5,1.88
583,1.86,1.55,1.39,,542.5,1.82
584,1.85,1.54,1.38,,543.5,1.88
585,1.84,1.53,1.37,,544.5,1.88
586,1.79,1.5,1.34,,545.5,1.9
587,1.84,1.53,1.37,,546.5,1.88
588,1.82,1.49,1.34,,547.5,1.83
589,1.62,1.29,1.16,,548.5,1.86
590,1.72,1.37,1.23,,549.5,1.9
591,1.81,1.47,1.32,,550.5,1.86
592,1.79,1.44,1.29,,551.5,1.87
593,1.79,1.46,1.31,,552.5,1.85
594,1.79,1.45,1.3,,553.5,1.88
595,1.78,1.43,1.29,,554.5,1.9
596,1.8,1.47,1.33,,555.5,1.9
597,1.81,1.48,1.33,,556.5,1.82
598,1.77,1.46,1.31,,557.5,1.85
599,1.76,1.46,1.31,,558.5,1.79
600,1.77,1.48,1.33,,559.5,1.81
601,1.74,1.46,1.31,,560.5,1.84
602,1.72,1.44,1.29,,561.5,1.82
603,1.75,1.47,1.32,,562.5,1.85
604,1.78,1.49,1.34,,563.5,1.86
605,1.77,1.49,1.34,,564.5,1.85
606,1.76,1.48,1.34,,565.5,1.8
607,1.76,1.49,1.34,,566.5,1.83
608,1.75,1.49,1.34,,567.5,1.89
609,1.73,1.47,1.33,,568.5,1.81
610,1.72,1.47,1.32,,569.5,1.86
611,1.71,1.46,1.32,,570.5,1.77
612,1.74,1.48,1.34,,571.5,1.82
613,1.71,1.46,1.32,,572.5,1.89
614,1.66,1.42,1.28,,573.5,1.88
615,1.71,1.47,1.33,,574.5,1.87
616,1.66,1.43,1.29,,575.5,1.83
617,1.64,1.41,1.27,,576.5,1.85
618,1.7,1.47,1.32,,577.5,1.86
619,1.71,1.47,1.33,,578.5,1.78
620,1.71,1.47,1.33,,579.5,1.83
621,1.72,1.48,1.34,,580.5,1.84
622,1.68,1.43,1.29,,581.5,1.85
623,1.68,1.42,1.28,,582.5,1.87
624,1.67,1.41,1.28,,583.5,1.86
625,1.64,1.4,1.27,,584.5,1.86
626,1.64,1.4,1.27,,585.5,1.78
627,1.69,1.44,1.3,,586.5,1.83
628,1.69,1.36,1.23,,587.5,1.85
629,1.69,1.41,1.28,,588.5,1.75
630,1.67,1.39,1.26,,589.5,1.61
631,1.66,1.42,1.28,,590.5,1.81
632,1.59,1.36,1.23,,591.5,1.79
633,1.67,1.45,1.31,,592.5,1.81
634,1.64,1.43,1.29,,593.5,1.8
635,1.65,1.45,1.31,,594.5,1.77
636,1.61,1.41,1.28,,595.5,1.78
637,1.66,1.46,1.32,,596.5,1.8
638,1.67,1.47,1.33,,597.5,1.78
639,1.65,1.46,1.32,,598.5,1.76
640,1.61,1.43,1.3,,599.5,1.77
641,1.61,1.43,1.3,,600.5,1.75
642,1.61,1.44,1.3,,601.5,1.75
643,1.62,1.45,1.31,,602.5,1.72
644,1.61,1.45,1.31,,603.5,1.79
645,1.63,1.46,1.32,,604.5,1.78
646,1.59,1.42,1.28,,605.5,1.76
647,1.61,1.41,1.27,,606.5,1.76
648,1.6,1.4,1.26,,607.5,1.76
649,1.55,1.35,1.22,,608.5,1.74
650,1.53,1.36,1.23,,609.5,1.74
651,1.61,1.44,1.31,,610.5,1.7
652,1.59,1.39,1.26,,611.5,1.75
653,1.6,1.43,1.29,,612.5,1.71
654,1.57,1.42,1.28,,613.5,1.68
655,1.52,1.35,1.22,,614.5,1.71
656,1.32,1.19,1.07,,615.5,1.71
657,1.38,1.24,1.12,,616.5,1.61
658,1.54,1.39,1.25,,617.5,1.71
659,1.54,1.39,1.26,,618.5,1.72
660,1.56,1.4,1.27,,619.5,1.71
661,1.57,1.39,1.26,,620.5,1.73
662,1.57,1.38,1.25,,621.5,1.69
663,1.56,1.38,1.25,,622.5,1.71
664,1.55,1.4,1.26,,623.5,1.67
665,1.57,1.42,1.29,,624.5,1.66
666,1.55,1.42,1.29,,625.5,1.63
667,1.54,1.41,1.28,,626.5,1.7
668,1.53,1.42,1.28,,627.5,1.7
669,1.56,1.44,1.3,,628.5,1.7
670,1.53,1.42,1.29,,629.5,1.68
671,1.53,1.42,1.28,,631,1.64
672,1.51,1.4,1.27,,633,1.65
673,1.52,1.41,1.28,,635,1.66
674,1.51,1.41,1.27,,637,1.65
675,1.5,1.4,1.26,,639,1.65
676,1.51,1.41,1.28,,641,1.61
677,1.5,1.4,1.27,,643,1.62
678,1.51,1.41,1.27,,645,1.63
679,1.49,1.39,1.26,,647,1.6
680,1.49,1.4,1.26,,649,1.56
681,1.49,1.39,1.26,,651,1.61
682,1.49,1.4,1.27,,653,1.6
683,1.48,1.38,1.25,,655,1.53
684,1.47,1.37,1.24,,657,1.38
685,1.47,1.37,1.25,,659,1.55
686,1.43,1.34,1.22,,661,1.57
687,1.47,0.968,0.883,,663,1.55
688,1.48,1.12,1.02,,665,1.56
689,1.48,1.13,1.03,,667,1.53
690,1.48,1.18,1.07,,669,1.55
691,1.47,1.23,1.12,,671,1.52
692,1.45,1.27,1.15,,673,1.52
693,1.46,1.26,1.14,,675,1.51
694,1.46,1.25,1.13,,677,1.51
695,1.44,1.27,1.15,,679,1.5
696,1.44,1.27,1.15,,681,1.49
697,1.44,1.34,1.22,,683,1.48
698,1.42,1.32,1.2,,685,1.46
699,1.43,1.29,1.17,,687,1.47
700,1.42,1.28,1.16,,689,1.46
701,1.41,1.27,1.15,,691,1.45
702,1.4,1.27,1.15,,693,1.45
703,1.41,1.27,1.16,,695,1.44
704,1.42,1.31,1.19,,697,1.42
705,1.43,1.32,1.2,,699,1.43
706,1.41,1.31,1.19,,701,1.39
707,1.4,1.31,1.19,,703,1.39
708,1.4,1.3,1.18,,705,1.42
709,1.39,1.31,1.19,,707,1.4
710,1.4,1.32,1.2,,709,1.38
711,1.4,1.32,1.19,,711,1.39
712,1.38,1.31,1.19,,713,1.37
713,1.37,1.29,1.17,,715,1.37
714,1.38,1.3,1.18,,717,1.35
715,1.35,1.26,1.14,,719,1.33
716,1.37,1.27,1.15,,721,1.33
717,1.36,1.11,1.01,,723,1.35
718,1.36,1.03,0.939,,725,1.35
719,1.3,0.923,0.843,,727,1.35
720,1.35,0.986,0.899,,729,1.32
721,1.35,1.09,0.99,,731,1.33
722,1.36,1.24,1.13,,733,1.32
723,1.35,1.14,1.04,,735,1.31
724,1.36,1.06,0.963,,737,1.31
725,1.35,1.04,0.947,,739,1.28
726,1.34,1.08,0.986,,741,1.26
727,1.34,1.08,0.99,,743,1.29
728,1.34,1.04,0.95,,745,1.28
729,1.28,1.05,0.955,,747,1.28
730,1.34,1.13,1.03,,749,1.27
731,1.31,1.07,0.977,,751,1.26
732,1.33,1.15,1.05,,753,1.26
733,1.31,1.2,1.09,,755,1.25
734,1.34,1.24,1.13,,757,1.25
735,1.33,1.22,1.11,,759,1.24
736,1.31,1.21,1.1,,761,1.24
737,1.31,1.2,1.1,,763,1.24
738,1.3,1.23,1.12,,765,1.22
739,1.26,1.19,1.09,,767,1.19
740,1.28,1.22,1.11,,769,1.2
741,1.27,1.21,1.11,,771,1.2
742,1.26,1.22,1.11,,773,1.21
743,1.29,1.24,1.13,,775,1.19
744,1.3,1.25,1.14,,777,1.2
745,1.29,1.25,1.14,,779,1.19
746,1.29,1.25,1.14,,781,1.19
747,1.29,1.25,1.14,,783,1.18
748,1.28,1.24,1.13,,785,1.18
749,1.28,1.24,1.13,,787,1.18
750,1.27,1.23,1.13,,789,1.17
751,1.27,1.23,1.12,,791,1.16
752,1.27,1.23,1.13,,793,1.14
753,1.26,1.23,1.12,,795,1.13
754,1.28,1.24,1.14,,797,1.15
755,1.28,1.24,1.13,,799,1.14
756,1.26,1.22,1.12,,801,1.14
757,1.26,1.22,1.12,,803,1.13
758,1.27,1.23,1.12,,805,1.11
759,1.25,1.19,1.09,,807,1.12
760,1.26,0.266,0.247,,809,1.09
761,1.25,0.154,0.143,,811,1.11
762,1.25,0.688,0.635,,813,1.11
763,1.25,0.38,0.352,,815,1.11
764,1.26,0.539,0.499,,817,1.1
765,1.25,0.686,0.634,,819,1.06
766,1.2,0.815,0.751,,821,1.08
767,1.21,0.974,0.896,,823,1.07
768,1.23,1.11,1.02,,825,1.07
769,1.21,1.13,1.03,,826,1.08
770,1.21,1.16,1.06,,828,1.08
771,1.21,1.17,1.07,,830,1.06
772,1.21,1.18,1.08,,832,1.05
773,1.21,1.18,1.08,,834,1.04
774,1.21,1.18,1.08,,836,1.05
775,1.21,1.18,1.08,,838,1.04
776,1.21,1.18,1.08,,840,1.04
777,1.2,1.17,1.08,,842,1.04
778,1.2,1.17,1.08,,844,1.02
779,1.21,1.18,1.08,,846,1.03
780,1.19,1.16,1.07,,848,1.02
781,1.19,1.16,1.07,,850,0.966
782,1.2,1.17,1.07,,852,0.996
783,1.19,1.16,1.07,,854,0.878
784,1.18,1.15,1.06,,856,0.976
785,1.19,1.16,1.06,,858,1
786,1.19,1.16,1.07,,860,0.997
787,1.19,1.15,1.05,,862,0.995
788,1.18,1.13,1.04,,864,0.999
789,1.18,1.13,1.04,,866,0.886
790,1.17,1.09,1,,868,0.94
791,1.16,1.11,1.02,,870,0.975
792,1.15,1.1,1.01,,872,0.983
793,1.14,1.09,1,,874,0.971
794,1.13,1.1,1.01,,876,0.964
795,1.13,1.09,1.01,,878,0.975
796,1.14,1.07,0.99,,880,0.955
797,1.16,1.09,1.01,,882,0.951
798,1.15,1.11,1.02,,884,0.958
799,1.14,1.09,1,,886,0.938
800,1.12,1.07,0.989,,888,0.944
801,1.14,1.08,1,,890,0.953
802,1.14,1.09,1,,892,0.939
803,1.12,1.07,0.983,,894,0.933
804,1.13,1.08,0.995,,896,0.939
805,1.1,1.05,0.973,,898,0.934
806,1.13,1.1,1.01,,900,0.916
807,1.12,1.09,1,,902,0.892
808,1.12,1.08,0.998,,904,0.928
809,1.1,1.05,0.974,,906,0.918
810,1.11,1.06,0.975,,908,0.902
811,1.11,1.05,0.973,,910,0.892
812,1.12,1.03,0.949,,912,0.897
813,1.12,1.01,0.932,,914,0.907
814,1.12,0.904,0.837,,916,0.9
815,1.11,0.895,0.829,,918,0.895
816,1.1,0.832,0.772,,920,0.891
817,1.11,0.852,0.79,,922,0.863
818,1.09,0.823,0.763,,924,0.859
819,1.07,0.905,0.838,,926,0.861
820,1.07,0.862,0.799,,928,0.877
821,1.08,0.998,0.923,,930,0.868
822,1.06,0.952,0.881,,932,0.865
823,1.08,0.673,0.626,,934,0.864
824,1.07,0.935,0.866,,936,0.855
825,1.07,0.969,0.898,,938,0.858
826,1.08,0.934,0.865,,940,0.844
827,1.08,0.985,0.912,,942,0.825
828,1.07,0.85,0.789,,944,0.832
829,1.06,0.929,0.861,,946,0.838
830,1.06,0.916,0.849,,948,0.841
831,1.06,0.924,0.857,,950,0.837
832,1.05,0.894,0.83,,952,0.832
833,1.03,0.957,0.886,,954,0.808
834,1.05,0.934,0.866,,956,0.808
835,1.05,1,0.929,,958,0.819
836,1.06,0.972,0.901,,960,0.815
837,1.05,1.01,0.935,,962,0.809
838,1.05,0.999,0.926,,964,0.801
839,1.04,1,0.928,,966,0.795
840,1.05,1.02,0.941,,968,0.797
841,1.05,1.01,0.936,,970,0.796
842,1.03,0.997,0.924,,972,0.794
843,1.03,1.01,0.932,,974,0.781
844,1.01,0.986,0.914,,976,0.782
845,1.04,1.02,0.942,,978,0.778
846,1.04,1.02,0.944,,980,0.775
847,1.01,0.992,0.919,,982,0.776
848,1.01,0.992,0.92,,984,0.77
849,1,0.986,0.914,,986,0.766
850,0.91,0.894,0.829,,988,0.761
851,0.998,0.975,0.905,,990,0.754
852,0.99,0.969,0.899,,992,0.757
853,0.981,0.965,0.895,,994,0.756
854,0.869,0.851,0.79,,996,0.752
855,0.927,0.913,0.847,,998,0.751
856,0.99,0.973,0.903,,1000,0.748
857,1.01,0.992,0.921,,1002,0.747
858,1.01,0.992,0.921,,1004,0.726
859,1,0.992,0.921,,1006,0.714
860,1,0.988,0.918,,1008,0.734
861,0.999,0.987,0.916,,1010,0.731
862,1.01,0.994,0.924,,1012,0.726
863,1.01,1,0.929,,1014,0.721
864,0.99,0.979,0.91,,1016,0.714
865,0.974,0.963,0.895,,1018,0.711
866,0.858,0.849,0.789,,1020,0.704
867,0.925,0.915,0.851,,1022,0.702
868,0.969,0.959,0.891,,1024,0.705
869,0.959,0.95,0.883,,1026,0.703
870,0.977,0.968,0.899,,1028,0.699
871,0.963,0.954,0.887,,1030,0.694
872,0.976,0.967,0.899,,1032,0.691
873,0.966,0.957,0.89,,1034,0.682
874,0.949,0.94,0.875,,1036,0.684
875,0.936,0.927,0.862,,1038,0.677
876,0.962,0.953,0.886,,1040,0.676
877,0.965,0.956,0.889,,1042,0.675
878,0.962,0.952,0.886,,1044,0.671
879,0.946,0.937,0.871,,1046,0.66
880,0.949,0.94,0.874,,1048,0.664
881,0.92,0.909,0.846,,1050,0.662
882,0.944,0.932,0.868,,1052,0.659
883,0.939,0.929,0.865,,1054,0.655
884,0.944,0.933,0.869,,1056,0.656
885,0.955,0.944,0.879,,1058,0.645
886,0.926,0.908,0.845,,1060,0.641
887,0.923,0.911,0.848,,1062,0.644
888,0.941,0.922,0.859,,1064,0.646
889,0.944,0.935,0.87,,1066,0.639
890,0.942,0.924,0.861,,1068,0.632
891,0.939,0.926,0.863,,1070,0.624
892,0.933,0.909,0.847,,1072,0.633
893,0.918,0.873,0.814,,1074,0.628
894,0.924,0.851,0.794,,1076,0.628
895,0.926,0.814,0.76,,1078,0.627
896,0.934,0.763,0.713,,1080,0.625
897,0.927,0.666,0.623,,1082,0.61
898,0.924,0.718,0.671,,1084,0.618
899,0.914,0.549,0.515,,1086,0.621
900,0.914,0.743,0.694,,1088,0.61
901,0.898,0.599,0.562,,1090,0.62
902,0.877,0.668,0.625,,1092,0.616
903,0.922,0.689,0.645,,1094,0.585
904,0.921,0.845,0.789,,1096,0.598
905,0.918,0.817,0.763,,1098,0.596
906,0.908,0.776,0.725,,1100,0.604
907,0.914,0.639,0.598,,1102,0.593
908,0.901,0.652,0.611,,1104,0.597
909,0.886,0.704,0.659,,1106,0.595
910,0.895,0.625,0.586,,1108,0.592
911,0.897,0.668,0.626,,1110,0.591
912,0.89,0.689,0.645,,1112,0.584
913,0.9,0.628,0.589,,1114,0.584
914,0.898,0.626,0.587,,1116,0.583
915,0.888,0.678,0.635,,1118,0.582
916,0.895,0.576,0.541,,1120,0.574
917,0.889,0.73,0.683,,1122,0.58
918,0.888,0.593,0.556,,1124,0.577
919,0.892,0.739,0.692,,1126,0.566
920,0.885,0.744,0.697,,1128,0.57
921,0.87,0.78,0.73,,1130,0.565
922,0.863,0.7,0.656,,1132,0.568
923,0.833,0.745,0.697,,1134,0.564
924,0.87,0.722,0.676,,1136,0.566
925,0.876,0.711,0.666,,1138,0.557
926,0.846,0.703,0.659,,1140,0.553
927,0.878,0.787,0.737,,1142,0.553
928,0.871,0.59,0.554,,1144,0.551
929,0.87,0.551,0.518,,1146,0.555
930,0.869,0.432,0.407,,1148,0.552
931,0.871,0.409,0.385,,1150,0.549
932,0.865,0.301,0.284,,1152,0.546
933,0.87,0.248,0.235,,1154,0.548
934,0.867,0.144,0.136,,1156,0.545
935,0.856,0.251,0.237,,1158,0.543
936,0.852,0.161,0.153,,1160,0.532
937,0.854,0.163,0.155,,1162,0.532
938,0.859,0.201,0.19,,1164,0.533
939,0.857,0.399,0.376,,1166,0.53
940,0.84,0.472,0.444,,1168,0.531
941,0.832,0.372,0.351,,1170,0.528
942,0.806,0.405,0.382,,1172,0.531
943,0.838,0.278,0.263,,1174,0.527
944,0.819,0.286,0.27,,1176,0.518
945,0.824,0.368,0.347,,1178,0.519
946,0.831,0.195,0.184,,1180,0.524
947,0.828,0.371,0.35,,1182,0.516
948,0.831,0.274,0.259,,1184,0.51
949,0.833,0.494,0.465,,1186,0.519
950,0.829,0.147,0.139,,1188,0.507
951,0.82,0.484,0.456,,1190,0.508
952,0.824,0.269,0.254,,1192,0.516
953,0.821,0.344,0.324,,1194,0.514
954,0.812,0.424,0.4,,1196,0.508
955,0.769,0.341,0.322,,1198,0.494
956,0.802,0.328,0.31,,1200,0.5
957,0.806,0.271,0.256,,1202,0.507
958,0.811,0.461,0.435,,1204,0.495
959,0.815,0.374,0.353,,1206,0.504
960,0.806,0.421,0.397,,1208,0.489
961,0.8,0.461,0.435,,1210,0.488
962,0.802,0.442,0.417,,1212,0.493
963,0.798,0.505,0.476,,1214,0.494
964,0.788,0.459,0.432,,1216,0.493
965,0.796,0.504,0.475,,1218,0.49
966,0.786,0.503,0.474,,1220,0.487
967,0.795,0.502,0.474,,1222,0.485
968,0.785,0.652,0.613,,1224,0.485
969,0.788,0.686,0.645,,1226,0.482
970,0.791,0.635,0.597,,1228,0.477
971,0.782,0.714,0.671,,1230,0.479
972,0.788,0.688,0.646,,1232,0.475
973,0.781,0.606,0.571,,1234,0.473
974,0.769,0.575,0.542,,1236,0.472
975,0.773,0.59,0.555,,1238,0.47
976,0.781,0.572,0.539,,1240,0.465
977,0.772,0.639,0.601,,1242,0.464
978,0.778,0.615,0.579,,1244,0.462
979,0.766,0.638,0.6,,1246,0.464
980,0.775,0.605,0.569,,1248,0.463
981,0.773,0.713,0.671,,1250,0.462
982,0.779,0.692,0.651,,1252,0.457
983,0.775,0.669,0.629,,1254,0.457
984,0.769,0.737,0.693,,1256,0.455
985,0.771,0.688,0.647,,1258,0.453
986,0.766,0.751,0.706,,1260,0.453
987,0.766,0.739,0.695,,1262,0.45
988,0.764,0.735,0.691,,1264,0.448
989,0.755,0.749,0.704,,1266,0.447
990,0.757,0.732,0.688,,1268,0.442
991,0.762,0.754,0.708,,1270,0.445
992,0.757,0.751,0.706,,1272,0.445
993,0.756,0.737,0.693,,1274,0.443
994,0.759,0.754,0.709,,1276,0.445
995,0.754,0.752,0.707,,1278,0.444
996,0.753,0.749,0.704,,1280,0.436
997,0.743,0.74,0.696,,1282,0.401
998,0.743,0.739,0.695,,1284,0.426
999,0.742,0.739,0.695,,1286,0.433
1000,0.743,0.735,0.692,,1288,0.431
1001,0.747,0.744,0.7,,1290,0.425
1002,0.747,0.728,0.685,,1292,0.425
1003,0.738,0.734,0.691,,1294,0.422
1004,0.731,0.723,0.681,,1296,0.422
1005,0.684,0.682,0.641,,1298,0.418
1006,0.718,0.713,0.67,,1300,0.419
1007,0.731,0.728,0.685,,1302,0.414
1008,0.733,0.727,0.684,,1304,0.411
1009,0.729,0.72,0.677,,1306,0.414
1010,0.731,0.719,0.677,,1308,0.412
1011,0.726,0.723,0.68,,1310,0.411
1012,0.725,0.719,0.677,,1312,0.403
1013,0.72,0.718,0.676,,1314,0.402
1014,0.723,0.721,0.678,,1316,0.398
1015,0.711,0.708,0.667,,1318,0.402
1016,0.714,0.711,0.67,,1320,0.402
1017,0.707,0.703,0.662,,1322,0.399
1018,0.716,0.714,0.673,,1324,0.398
1019,0.696,0.689,0.649,,1326,0.395
1020,0.701,0.699,0.658,,1328,0.391
1021,0.703,0.702,0.661,,1330,0.388
1022,0.693,0.69,0.65,,1332,0.386
1023,0.699,0.695,0.655,,1334,0.389
1024,0.701,0.691,0.651,,1336,0.387
1025,0.699,0.698,0.657,,1338,0.383
1026,0.699,0.696,0.656,,1340,0.379
1027,0.696,0.693,0.653,,1342,0.381
1028,0.697,0.694,0.654,,1344,0.38
1029,0.69,0.686,0.647,,1346,0.377
1030,0.692,0.691,0.651,,1348,0.377
1031,0.69,0.687,0.648,,1350,0.372
1032,0.69,0.688,0.649,,1352,0.374
1033,0.678,0.676,0.638,,1354,0.372
1034,0.682,0.68,0.641,,1356,0.367
1035,0.684,0.682,0.643,,1358,0.369
1036,0.684,0.682,0.643,,1360,0.367
1037,0.677,0.675,0.637,,1362,0.368
1038,0.674,0.672,0.634,,1364,0.366
1039,0.679,0.676,0.638,,1366,0.366
1040,0.674,0.672,0.634,,1368,0.363
1041,0.675,0.672,0.634,,1370,0.36
1042,0.675,0.672,0.634,,1372,0.362
1043,0.669,0.665,0.628,,1374,0.361
1044,0.672,0.668,0.631,,1376,0.356
1045,0.668,0.665,0.627,,1378,0.358
1046,0.651,0.647,0.611,,1380,0.358
1047,0.662,0.657,0.62,,1382,0.354
1048,0.668,0.663,0.626,,1384,0.355
1049,0.665,0.659,0.622,,1386,0.353
1050,0.661,0.655,0.618,,1388,0.353
1051,0.662,0.655,0.619,,1390,0.351
1052,0.658,0.651,0.615,,1392,0.351
1053,0.657,0.649,0.613,,1394,0.349
1054,0.655,0.646,0.61,,1396,0.349
1055,0.658,0.648,0.612,,1398,0.349
1056,0.656,0.646,0.611,,1400,0.343
1057,0.655,0.645,0.609,,1402,0.344
1058,0.649,0.638,0.603,,1404,0.343
1059,0.63,0.619,0.585,,1406,0.343
1060,0.648,0.636,0.601,,1408,0.343
1061,0.634,0.621,0.587,,1410,0.342
1062,0.647,0.633,0.598,,1412,0.335
1063,0.637,0.622,0.588,,1414,0.338
1064,0.646,0.632,0.597,,1416,0.339
1065,0.645,0.629,0.595,,1418,0.339
1066,0.631,0.617,0.583,,1420,0.336
1067,0.635,0.62,0.586,,1422,0.332
1068,0.636,0.619,0.586,,1424,0.331
1069,0.601,0.586,0.554,,1426,0.328
1070,0.622,0.605,0.572,,1428,0.329
1071,0.628,0.617,0.583,,1430,0.326
1072,0.631,0.615,0.582,,1432,0.33
1073,0.618,0.604,0.571,,1434,0.328
1074,0.631,0.622,0.588,,1436,0.329
1075,0.618,0.593,0.561,,1438,0.328
1076,0.625,0.615,0.581,,1440,0.319
1077,0.624,0.604,0.572,,1442,0.319
1078,0.625,0.603,0.571,,1444,0.32
1079,0.612,0.605,0.572,,1446,0.322
1080,0.623,0.597,0.565,,1448,0.322
1081,0.607,0.581,0.55,,1450,0.319
1082,0.602,0.589,0.558,,1452,0.315
1083,0.609,0.598,0.566,,1454,0.314
1084,0.614,0.579,0.548,,1456,0.313
1085,0.612,0.593,0.562,,1458,0.317
1086,0.616,0.554,0.525,,1460,0.316
1087,0.591,0.567,0.537,,1462,0.312
1088,0.607,0.593,0.562,,1464,0.31
1089,0.609,0.579,0.549,,1466,0.311
1090,0.604,0.556,0.527,,1468,0.311
1091,0.608,0.588,0.557,,1470,0.31
1092,0.597,0.581,0.55,,1472,0.307
1093,0.592,0.511,0.484,,1474,0.303
1094,0.561,0.54,0.511,,1476,0.305
1095,0.583,0.521,0.494,,1478,0.304
1096,0.586,0.503,0.477,,1480,0.307
1097,0.591,0.579,0.548,,1482,0.304
1098,0.587,0.503,0.477,,1484,0.304
1099,0.582,0.508,0.482,,1486,0.303
1100,0.6,0.486,0.461,,1488,0.285
1101,0.599,0.497,0.472,,1490,0.301
1102,0.582,0.469,0.445,,1492,0.302
1103,0.595,0.466,0.443,,1494,0.303
1104,0.593,0.468,0.444,,1496,0.297
1105,0.591,0.506,0.481,,1498,0.299
1106,0.59,0.398,0.378,,1500,0.301
1107,0.586,0.483,0.459,,1502,0.292
1108,0.587,0.416,0.395,,1504,0.28
1109,0.586,0.413,0.392,,1506,0.285
1110,0.587,0.479,0.455,,1508,0.292
1111,0.583,0.332,0.316,,1510,0.295
1112,0.583,0.414,0.393,,1512,0.291
1113,0.578,0.269,0.256,,1514,0.288
1114,0.584,0.3,0.286,,1516,0.288
1115,0.582,0.25,0.238,,1518,0.288
1116,0.575,0.201,0.192,,1520,0.287
1117,0.583,0.0796,0.0762,,1522,0.282
1118,0.572,0.218,0.208,,1524,0.283
1119,0.572,0.113,0.108,,1526,0.285
1120,0.569,0.142,0.136,,1528,0.285
1121,0.572,0.186,0.178,,1530,0.277
1122,0.575,0.0817,0.0782,,1532,0.282
1123,0.574,0.128,0.123,,1534,0.278
1124,0.573,0.109,0.104,,1536,0.281
1125,0.57,0.144,0.138,,1538,0.277
1126,0.553,0.0516,0.0494,,1540,0.273
1127,0.562,0.157,0.15,,1542,0.275
1128,0.568,0.0992,0.0949,,1544,0.278
1129,0.568,0.106,0.101,,1546,0.277
1130,0.564,0.0706,0.0676,,1548,0.271
1131,0.568,0.296,0.282,,1550,0.271
1132,0.57,0.234,0.224,,1552,0.273
1133,0.562,0.153,0.147,,1554,0.268
1134,0.563,0.0417,0.04,,1556,0.267
1135,0.562,0.0155,0.0148,,1558,0.269
1136,0.565,0.129,0.123,,1560,0.268
1137,0.552,0.288,0.275,,1562,0.27
1138,0.544,0.203,0.194,,1564,0.267
1139,0.553,0.298,0.285,,1566,0.265
1140,0.556,0.256,0.244,,1568,0.263
1141,0.543,0.193,0.185,,1570,0.265
1142,0.555,0.225,0.215,,1572,0.267
1143,0.55,0.312,0.298,,1574,0.261
1144,0.545,0.113,0.108,,1576,0.254
1145,0.55,0.146,0.14,,1578,0.255
1146,0.554,0.158,0.151,,1580,0.265
1147,0.554,0.0592,0.0567,,1582,0.259
1148,0.55,0.271,0.259,,1584,0.259
1149,0.548,0.219,0.209,,1586,0.26
1150,0.546,0.122,0.116,,1588,0.249
1151,0.545,0.203,0.195,,1590,0.24
1152,0.542,0.248,0.237,,1592,0.253
1153,0.543,0.238,0.228,,1594,0.258
1154,0.547,0.142,0.136,,1596,0.251
1155,0.547,0.313,0.299,,1598,0.255
1156,0.54,0.281,0.268,,1600,0.251
1157,0.544,0.315,0.3,,1602,0.249
1158,0.543,0.312,0.298,,1604,0.25
1159,0.535,0.337,0.322,,1606,0.248
1160,0.529,0.286,0.274,,1608,0.249
1161,0.519,0.348,0.332,,1610,0.24
1162,0.533,0.35,0.334,,1612,0.243
1163,0.537,0.469,0.446,,1614,0.245
1164,0.527,0.402,0.383,,1616,0.237
1165,0.535,0.389,0.371,,1618,0.242
1166,0.522,0.375,0.358,,1620,0.237
1167,0.53,0.41,0.391,,1622,0.238
1168,0.534,0.42,0.4,,1624,0.242
1169,0.516,0.423,0.403,,1626,0.24
1170,0.529,0.459,0.437,,1628,0.242
1171,0.531,0.448,0.427,,1630,0.239
1172,0.531,0.455,0.434,,1632,0.239
1173,0.527,0.456,0.435,,1634,0.236
1174,0.528,0.337,0.322,,1636,0.236
1175,0.519,0.452,0.431,,1638,0.227
1176,0.51,0.477,0.454,,1640,0.226
1177,0.523,0.472,0.45,,1642,0.227
1178,0.517,0.36,0.344,,1644,0.228
1179,0.515,0.484,0.461,,1646,0.229
1180,0.522,0.441,0.421,,1648,0.229
1181,0.518,0.455,0.434,,1650,0.227
1182,0.517,0.323,0.309,,1652,0.227
1183,0.488,0.439,0.419,,1654,0.226
1184,0.511,0.42,0.401,,1656,0.226
1185,0.516,0.407,0.389,,1658,0.225
1186,0.515,0.477,0.455,,1660,0.225
1187,0.515,0.456,0.435,,1662,0.225
1188,0.51,0.335,0.32,,1664,0.223
1189,0.484,0.416,0.397,,1666,0.221
1190,0.506,0.462,0.441,,1668,0.219
1191,0.514,0.447,0.426,,1670,0.223
1192,0.512,0.473,0.452,,1672,0.217
1193,0.511,0.454,0.434,,1674,0.219
1194,0.511,0.469,0.448,,1676,0.216
1195,0.506,0.447,0.427,,1678,0.217
1196,0.506,0.431,0.412,,1680,0.208
1197,0.503,0.477,0.455,,1682,0.205
1198,0.492,0.434,0.414,,1684,0.213
1199,0.474,0.365,0.349,,1686,0.213
1200,0.5,0.448,0.428,,1688,0.212
1201,0.506,0.437,0.417,,1690,0.21
1202,0.507,0.437,0.417,,1692,0.212
1203,0.488,0.434,0.414,,1694,0.211
1204,0.487,0.362,0.346,,1696,0.21
1205,0.502,0.437,0.417,,1698,0.209
1206,0.499,0.481,0.459,,1700,0.206
1207,0.501,0.43,0.41,,1702,0.205
1208,0.49,0.433,0.414,,1704,0.205
1209,0.466,0.414,0.395,,1706,0.205
1210,0.492,0.453,0.433,,1708,0.202
1211,0.479,0.422,0.403,,1710,0.201
1212,0.491,0.425,0.406,,1712,0.198
1213,0.492,0.47,0.448,,1714,0.204
1214,0.489,0.434,0.414,,1716,0.202
1215,0.49,0.428,0.409,,1718,0.201
1216,0.489,0.466,0.445,,1720,0.199
1217,0.488,0.455,0.435,,1722,0.198
1218,0.486,0.459,0.438,,1724,0.195
1219,0.482,0.447,0.426,,1726,0.198
1220,0.484,0.458,0.437,,1728,0.197
1221,0.483,0.465,0.444,,1730,0.198
1222,0.481,0.451,0.431,,1732,0.194
1223,0.476,0.444,0.424,,1734,0.187
1224,0.482,0.448,0.428,,1736,0.183
1225,0.479,0.462,0.441,,1738,0.186
1226,0.48,0.468,0.447,,1740,0.191
1227,0.468,0.433,0.414,,1742,0.19
1228,0.474,0.467,0.445,,1744,0.191
1229,0.477,0.467,0.446,,1746,0.187
1230,0.475,0.46,0.439,,1748,0.187
1231,0.474,0.472,0.451,,1750,0.186
1232,0.469,0.466,0.445,,1752,0.185
1233,0.471,0.454,0.434,,1754,0.186
1234,0.469,0.47,0.449,,1756,0.185
1235,0.466,0.465,0.444,,1758,0.184
1236,0.469,0.469,0.448,,1760,0.183
1237,0.468,0.463,0.443,,1762,0.179
1238,0.467,0.468,0.447,,1764,0.181
1239,0.462,0.463,0.442,,1766,0.182
1240,0.46,0.461,0.44,,1768,0.18
1241,0.464,0.462,0.441,,1770,0.179
1242,0.462,0.462,0.442,,1772,0.179
1243,0.457,0.458,0.437,,1774,0.179
1244,0.455,0.455,0.435,,1776,0.176
1245,0.456,0.457,0.436,,1778,0.175
1246,0.459,0.459,0.439,,1780,0.176
1247,0.458,0.457,0.437,,1782,0.175
1248,0.461,0.459,0.438,,1784,0.173
1249,0.46,0.46,0.439,,1786,0.174
1250,0.459,0.457,0.437,,1788,0.175
1251,0.456,0.453,0.433,,1790,0.173
1252,0.452,0.451,0.431,,1792,0.172
1253,0.454,0.448,0.428,,1794,0.171
1254,0.454,0.444,0.424,,1796,0.171
1255,0.453,0.451,0.431,,1798,0.17
1256,0.452,0.44,0.421,,1800,0.17
1257,0.449,0.435,0.416,,1802,0.167
1258,0.451,0.445,0.425,,1804,0.169
1259,0.448,0.427,0.409,,1806,0.169
1260,0.45,0.431,0.412,,1808,0.169
1261,0.449,0.411,0.394,,1810,0.169
1262,0.443,0.396,0.379,,1812,0.168
1263,0.448,0.4,0.383,,1814,0.166
1264,0.442,0.371,0.356,,1816,0.161
1265,0.443,0.396,0.379,,1818,0.152
1266,0.446,0.385,0.369,,1820,0.16
1267,0.439,0.388,0.372,,1822,0.16
1268,0.436,0.371,0.355,,1824,0.162
1269,0.44,0.247,0.237,,1826,0.163
1270,0.442,0.387,0.371,,1828,0.161
1271,0.443,0.408,0.391,,1830,0.161
1272,0.441,0.409,0.391,,1832,0.159
1273,0.441,0.406,0.389,,1834,0.159
1274,0.438,0.406,0.389,,1836,0.158
1275,0.441,0.412,0.395,,1838,0.156
1276,0.442,0.417,0.399,,1840,0.156
1277,0.442,0.42,0.402,,1842,0.154
1278,0.441,0.428,0.409,,1844,0.154
1279,0.438,0.425,0.406,,1846,0.153
1280,0.435,0.422,0.404,,1848,0.151
1281,0.423,0.413,0.396,,1850,0.155
1282,0.376,0.373,0.357,,1852,0.153
1283,0.412,0.407,0.39,,1854,0.152
1284,0.427,0.421,0.403,,1856,0.151
1285,0.429,0.424,0.406,,1858,0.152
1286,0.429,0.427,0.409,,1860,0.15
1287,0.43,0.422,0.404,,1862,0.15
1288,0.427,0.42,0.402,,1864,0.151
1289,0.428,0.409,0.392,,1866,0.149
1290,0.419,0.413,0.395,,1868,0.149
1291,0.422,0.418,0.4,,1870,0.151
1292,0.423,0.396,0.379,,1872,0.147
1293,0.423,0.413,0.395,,1874,0.14
1294,0.416,0.404,0.387,,1876,0.13
1295,0.419,0.405,0.388,,1878,0.144
1296,0.42,0.39,0.373,,1880,0.146
1297,0.417,0.371,0.356,,1882,0.147
1298,0.413,0.392,0.375,,1884,0.146
1299,0.417,0.409,0.391,,1886,0.144
1300,0.415,0.353,0.339,,1888,0.145
1301,0.414,0.362,0.347,,1890,0.142
1302,0.41,0.392,0.375,,1892,0.141
1303,0.408,0.346,0.332,,1894,0.14
1304,0.406,0.301,0.288,,1896,0.137
1305,0.41,0.384,0.368,,1898,0.139
1306,0.41,0.385,0.369,,1900,0.14
1307,0.41,0.306,0.294,,1902,0.141
1308,0.409,0.347,0.333,,1904,0.139
1309,0.409,0.384,0.368,,1906,0.139
1310,0.407,0.301,0.289,,1908,0.138
1311,0.406,0.334,0.32,,1910,0.138
1312,0.403,0.333,0.32,,1912,0.135
1313,0.391,0.314,0.301,,1914,0.137
1314,0.403,0.288,0.277,,1916,0.136
1315,0.392,0.286,0.274,,1918,0.135
1316,0.394,0.324,0.311,,1920,0.133
1317,0.401,0.312,0.3,,1922,0.135
1318,0.395,0.333,0.32,,1924,0.134
1319,0.401,0.269,0.258,,1926,0.134
1320,0.399,0.259,0.249,,1928,0.132
1321,0.395,0.299,0.287,,1930,0.131
1322,0.395,0.302,0.29,,1932,0.131
1323,0.395,0.233,0.224,,1934,0.132
1324,0.395,0.262,0.252,,1936,0.133
1325,0.394,0.322,0.309,,1938,0.132
1326,0.392,0.281,0.27,,1940,0.13
1327,0.389,0.266,0.256,,1942,0.129
1328,0.391,0.234,0.226,,1944,0.12
1329,0.38,0.178,0.171,,1946,0.119
1330,0.385,0.229,0.221,,1948,0.127
1331,0.388,0.145,0.14,,1950,0.126
1332,0.379,0.146,0.14,,1952,0.126
1333,0.387,0.203,0.195,,1954,0.129
1334,0.387,0.169,0.163,,1956,0.128
1335,0.386,0.231,0.222,,1958,0.127
1336,0.382,0.183,0.177,,1960,0.126
1337,0.383,0.165,0.159,,1962,0.124
1338,0.381,0.178,0.172,,1964,0.122
1339,0.376,0.177,0.17,,1966,0.123
1340,0.374,0.168,0.162,,1968,0.124
1341,0.382,0.17,0.164,,1970,0.124
1342,0.38,0.178,0.171,,1972,0.121
1343,0.38,0.127,0.123,,1974,0.121
1344,0.38,0.0756,0.073,,1976,0.122
1345,0.38,0.109,0.105,,1978,0.119
1346,0.376,0.0582,0.0562,,1980,0.12
1347,0.378,0.0601,0.0581,,1982,0.12
1348,0.377,0.00475,0.00459,,1984,0.12
1349,0.376,0.0162,0.0156,,1986,0.118
1350,0.371,0.016,0.0155,,1988,0.119
1351,0.372,0.00463,0.00448,,1990,0.12
1352,0.375,0.00152,0.00147,,1992,0.118
1353,0.374,9.61E-05,9.29E-05,,1994,0.116
1354,0.373,0.00029,0.000281,,1996,0.117
1355,0.368,3.6E-06,3.48E-06,,1998,0.116
1356,0.369,4.81E-05,4.65E-05,,2000,0.117
1357,0.364,7.18E-05,6.94E-05,,2002,0.116
1358,0.37,4.19E-06,4.06E-06,,2004,0.115
1359,0.369,7.34E-07,7.1E-07,,2006,0.115
1360,0.365,2.14E-06,2.07E-06,,2008,0.115
1361,0.37,4.81E-09,4.66E-09,,2010,0.115
1362,0.369,1.81E-11,1.75E-11,,2012,0.115
1363,0.362,3.16E-06,3.05E-06,,2014,0.114
1364,0.367,1.36E-06,1.31E-06,,2016,0.114
1365,0.366,9.08E-12,8.78E-12,,2018,0.113
1366,0.366,1.28E-05,1.24E-05,,2020,0.112
1367,0.362,4.98E-06,4.82E-06,,2022,0.111
1368,0.366,1.48E-13,1.43E-13,,2024,0.112
1369,0.359,5.17E-07,5E-07,,2026,0.112
1370,0.359,2.92E-07,2.83E-07,,2028,0.111
1371,0.359,1.97E-08,1.91E-08,,2030,0.109
1372,0.363,2.75E-06,2.66E-06,,2032,0.11
1373,0.363,4.44E-05,4.3E-05,,2034,0.109
1374,0.363,0.000179,0.000173,,2036,0.108
1375,0.357,0.000323,0.000313,,2038,0.106
1376,0.353,0.000257,0.000249,,2040,0.108
1377,0.358,0.000123,0.000119,,2042,0.108
1378,0.357,0.00111,0.00107,,2044,0.108
1379,0.36,5.22E-05,5.05E-05,,2046,0.107
1380,0.357,8.16E-05,7.9E-05,,2048,0.106
1381,0.358,2.37E-06,2.3E-06,,2050,0.106
1382,0.353,2.57E-06,2.49E-06,,2052,0.105
1383,0.354,4.4E-08,4.27E-08,,2054,0.105
1384,0.356,6.17E-07,5.98E-07,,2056,0.105
1385,0.352,2.09E-06,2.03E-06,,2058,0.104
1386,0.355,2.52E-06,2.44E-06,,2060,0.103
1387,0.351,0.000199,0.000193,,2062,0.102
1388,0.353,4.03E-06,3.9E-06,,2064,0.101
1389,0.354,0.000581,0.000563,,2066,0.102
1390,0.347,0.000493,0.000478,,2068,0.102
1391,0.352,0.000344,0.000333,,2070,0.1
1392,0.352,2.38E-05,2.31E-05,,2072,0.1
1393,0.35,0.000116,0.000112,,2074,0.101
1394,0.348,7.55E-05,7.33E-05,,2076,0.101
1395,0.348,6.71E-07,6.51E-07,,2078,0.1
1396,0.349,6.32E-09,6.13E-09,,2080,0.0988
1397,0.349,4.91E-05,4.76E-05,,2082,0.0986
1398,0.35,0.00127,0.00123,,2084,0.0977
1399,0.349,0.000812,0.000788,,2086,0.0985
1400,0.339,3.25E-09,3.15E-09,,2088,0.0983
1401,0.339,1.05E-08,1.02E-08,,2090,0.0979
1402,0.344,0.00184,0.00178,,2092,0.0957
1403,0.34,0.00238,0.00231,,2094,0.0959
1404,0.341,0.000739,0.000718,,2096,0.0958
1405,0.34,3.64E-07,3.54E-07,,2098,0.0962
1406,0.342,0.00204,0.00199,,2100,0.0961
1407,0.341,0.000175,0.00017,,2102,0.0958
1408,0.34,0.00165,0.0016,,2104,0.0956
1409,0.341,0.000619,0.000602,,2106,0.0957
1410,0.34,0.000467,0.000453,,2108,0.0951
1411,0.338,0.00211,0.00205,,2110,0.094
1412,0.329,0.00264,0.00257,,2112,0.0945
1413,0.333,0.0234,0.0227,,2114,0.0944
1414,0.337,0.000364,0.000354,,2116,0.0933
1415,0.337,0.000184,0.000179,,2118,0.0931
1416,0.335,0.0356,0.0346,,2120,0.0927
1417,0.337,0.0118,0.0114,,2122,0.0927
1418,0.338,0.0136,0.0132,,2124,0.0919
1419,0.334,0.00214,0.00209,,2126,0.0921
1420,0.333,0.00827,0.00804,,2128,0.0922
1421,0.336,0.00916,0.00891,,2130,0.0921
1422,0.329,0.0463,0.045,,2132,0.0921
1423,0.329,0.00922,0.00897,,2134,0.0915
1424,0.328,0.017,0.0165,,2136,0.0901
1425,0.333,0.0259,0.0251,,2138,0.0911
1426,0.323,0.0278,0.027,,2140,0.0908
1427,0.327,0.0495,0.0482,,2142,0.0906
1428,0.33,0.00456,0.00444,,2144,0.0901
1429,0.323,0.038,0.037,,2146,0.0894
1430,0.323,0.0616,0.0599,,2148,0.0898
1431,0.324,0.0502,0.0488,,2150,0.0896
1432,0.331,0.00252,0.00245,,2152,0.0891
1433,0.331,0.0358,0.0349,,2154,0.0888
1434,0.325,0.021,0.0204,,2156,0.0887
1435,0.327,0.0214,0.0208,,2158,0.0884
1436,0.327,0.0384,0.0373,,2160,0.0878
1437,0.328,0.0299,0.0291,,2162,0.0869
1438,0.326,0.0133,0.0129,,2164,0.0846
1439,0.329,0.051,0.0497,,2166,0.0785
1440,0.313,0.0396,0.0385,,2168,0.083
1441,0.317,0.0318,0.031,,2170,0.0856
1442,0.316,0.0363,0.0354,,2172,0.0859
1443,0.318,0.0451,0.0439,,2174,0.0859
1444,0.319,0.0618,0.0601,,2176,0.0853
1445,0.319,0.0498,0.0484,,2178,0.0843
1446,0.321,0.0231,0.0225,,2180,0.085
1447,0.318,0.0362,0.0353,,2182,0.0843
1448,0.321,0.116,0.113,,2184,0.0846
1449,0.32,0.102,0.0994,,2186,0.0847
1450,0.318,0.0274,0.0267,,2188,0.0828
1451,0.314,0.0113,0.011,,2190,0.083
1452,0.314,0.0624,0.0607,,2192,0.0838
1453,0.315,0.082,0.0798,,2194,0.0835
1454,0.313,0.138,0.134,,2196,0.0832
1455,0.312,0.0662,0.0644,,2198,0.083
1456,0.31,0.0885,0.0862,,2200,0.0827
1457,0.312,0.117,0.114,,2202,0.0823
1458,0.316,0.136,0.133,,2204,0.0821
1459,0.317,0.163,0.159,,2206,0.0797
1460,0.314,0.0854,0.0832,,2208,0.0797
1461,0.313,0.0903,0.0879,,2210,0.0808
1462,0.31,0.131,0.127,,2212,0.081
1463,0.308,0.0432,0.0421,,2214,0.0807
1464,0.308,0.152,0.148,,2216,0.0799
1465,0.312,0.0934,0.0909,,2218,0.0797
1466,0.307,0.0652,0.0635,,2220,0.08
1467,0.313,0.0361,0.0351,,2222,0.0796
1468,0.307,0.0769,0.0749,,2224,0.0793
1469,0.312,0.0948,0.0923,,2226,0.0781
1470,0.31,0.0497,0.0484,,2228,0.0783
1471,0.304,0.0178,0.0174,,2230,0.0783
1472,0.306,0.0468,0.0456,,2232,0.0782
1473,0.306,0.0702,0.0684,,2234,0.078
1474,0.297,0.0973,0.0948,,2236,0.0776
1475,0.303,0.185,0.18,,2238,0.0765
1476,0.304,0.0688,0.067,,2240,0.0764
1477,0.302,0.0697,0.0679,,2242,0.0764
1478,0.302,0.0635,0.0618,,2244,0.0762
1479,0.305,0.12,0.117,,2246,0.0761
1480,0.306,0.0606,0.0591,,2248,0.0752
1481,0.302,0.115,0.112,,2250,0.0754
1482,0.305,0.0585,0.057,,2252,0.0751
1483,0.298,0.149,0.145,,2254,0.074
1484,0.302,0.137,0.134,,2256,0.0742
1485,0.306,0.125,0.122,,2258,0.0744
1486,0.302,0.123,0.12,,2260,0.0742
1487,0.3,0.0606,0.059,,2262,0.073
1488,0.265,0.0942,0.0917,,2264,0.0733
1489,0.299,0.19,0.184,,2266,0.0732
1490,0.301,0.175,0.17,,2268,0.0733
1491,0.302,0.198,0.192,,2270,0.073
1492,0.298,0.164,0.16,,2272,0.0728
1493,0.302,0.182,0.177,,2274,0.0725
1494,0.302,0.204,0.198,,2276,0.0724
1495,0.301,0.183,0.177,,2278,0.0724
1496,0.291,0.169,0.164,,2280,0.0717
1497,0.297,0.229,0.222,,2282,0.0701
1498,0.299,0.19,0.184,,2284,0.0712
1499,0.295,0.218,0.211,,2286,0.0712
1500,0.301,0.251,0.243,,2288,0.0713
1501,0.3,0.266,0.258,,2290,0.0711
1502,0.297,0.234,0.227,,2292,0.0707
1503,0.269,0.185,0.18,,2294,0.0692
1504,0.283,0.16,0.156,,2296,0.0691
1505,0.271,0.184,0.179,,2298,0.0692
1506,0.284,0.258,0.25,,2300,0.0695
1507,0.294,0.255,0.248,,2302,0.0696
1508,0.29,0.243,0.236,,2304,0.0693
1509,0.288,0.187,0.182,,2306,0.0692
1510,0.294,0.271,0.263,,2308,0.069
1511,0.294,0.265,0.257,,2310,0.0687
1512,0.288,0.261,0.253,,2312,0.0687
1513,0.287,0.242,0.235,,2314,0.0683
1514,0.285,0.226,0.219,,2316,0.0678
1515,0.288,0.266,0.258,,2318,0.0674
1516,0.287,0.257,0.249,,2320,0.0677
1517,0.285,0.249,0.242,,2322,0.0668
1518,0.29,0.252,0.245,,2324,0.0654
1519,0.285,0.244,0.237,,2326,0.0656
1520,0.288,0.265,0.257,,2328,0.0663
1521,0.281,0.275,0.267,,2330,0.0662
1522,0.28,0.264,0.256,,2332,0.0658
1523,0.284,0.28,0.272,,2334,0.0657
1524,0.285,0.275,0.267,,2336,0.0654
1525,0.278,0.259,0.251,,2338,0.065
1526,0.286,0.267,0.26,,2340,0.0652
1527,0.283,0.262,0.255,,2342,0.0654
1528,0.285,0.279,0.271,,2344,0.0651
1529,0.283,0.272,0.265,,2346,0.0649
1530,0.267,0.255,0.248,,2348,0.0647
1531,0.283,0.27,0.262,,2350,0.0645
1532,0.283,0.278,0.27,,2352,0.0629
1533,0.28,0.277,0.269,,2354,0.0624
1534,0.275,0.269,0.261,,2356,0.0628
1535,0.278,0.267,0.259,,2358,0.0627
1536,0.281,0.275,0.267,,2360,0.0631
1537,0.281,0.273,0.266,,2362,0.063
1538,0.273,0.272,0.264,,2364,0.063
1539,0.278,0.273,0.265,,2366,0.0628
1540,0.269,0.265,0.257,,2368,0.0626
1541,0.273,0.269,0.261,,2370,0.0621
1542,0.275,0.269,0.262,,2372,0.0621
1543,0.275,0.272,0.264,,2374,0.0607
1544,0.277,0.272,0.264,,2376,0.0616
1545,0.278,0.277,0.269,,2378,0.0619
1546,0.277,0.275,0.267,,2380,0.0617
1547,0.274,0.273,0.265,,2382,0.061
1548,0.267,0.267,0.259,,2384,0.0588
1549,0.273,0.273,0.266,,2386,0.0591
1550,0.27,0.27,0.262,,2388,0.06
1551,0.271,0.271,0.263,,2390,0.0603
1552,0.274,0.272,0.264,,2392,0.0601
1553,0.271,0.271,0.264,,2394,0.06
1554,0.265,0.265,0.257,,2396,0.06
1555,0.267,0.268,0.26,,2398,0.0599
1556,0.263,0.263,0.256,,2400,0.0594
1557,0.27,0.271,0.263,,2402,0.0597
1558,0.268,0.268,0.261,,2404,0.0595
1559,0.268,0.268,0.261,,2406,0.0592
1560,0.265,0.266,0.258,,2408,0.0592
1561,0.27,0.27,0.262,,2410,0.059
1562,0.268,0.268,0.26,,2412,0.0589
1563,0.267,0.267,0.259,,2414,0.0573
1564,0.263,0.263,0.255,,2416,0.056
1565,0.267,0.267,0.26,,2418,0.0575
1566,0.263,0.262,0.255,,2420,0.0577
1567,0.264,0.263,0.256,,2422,0.0577
1568,0.26,0.257,0.25,,2424,0.0573
1569,0.263,0.255,0.247,,2426,0.0572
1570,0.261,0.242,0.235,,2428,0.0571
1571,0.267,0.235,0.229,,2430,0.0571
1572,0.267,0.238,0.231,,2432,0.057
1573,0.263,0.234,0.228,,2434,0.0564
1574,0.262,0.241,0.235,,2436,0.0562
1575,0.247,0.24,0.233,,2438,0.056
1576,0.26,0.247,0.24,,2440,0.0564
1577,0.237,0.216,0.21,,2442,0.0562
1578,0.257,0.235,0.229,,2444,0.056
1579,0.262,0.237,0.23,,2446,0.055
1580,0.264,0.245,0.238,,2448,0.0546
1581,0.265,0.249,0.242,,2450,0.0546
1582,0.254,0.242,0.235,,2452,0.0543
1583,0.258,0.248,0.241,,2454,0.0545
1584,0.254,0.249,0.242,,2456,0.0537
1585,0.262,0.259,0.251,,2458,0.0539
1586,0.258,0.256,0.248,,2460,0.0546
1587,0.255,0.253,0.246,,2462,0.0544
1588,0.25,0.251,0.244,,2464,0.0544
1589,0.232,0.232,0.226,,2466,0.054
1590,0.242,0.242,0.235,,2468,0.0539
1591,0.241,0.242,0.235,,2470,0.0529
1592,0.253,0.252,0.245,,2472,0.0533
1593,0.258,0.258,0.251,,2474,0.0531
1594,0.256,0.256,0.249,,2476,0.0534
1595,0.258,0.258,0.251,,2478,0.053
1596,0.245,0.245,0.238,,2480,0.0518
1597,0.249,0.247,0.24,,2482,0.0514
1598,0.256,0.254,0.247,,2484,0.0522
1599,0.25,0.242,0.235,,2486,0.0516
1600,0.253,0.238,0.231,,2488,0.0517
1601,0.245,0.223,0.217,,2490,0.0522
1602,0.249,0.224,0.218,,2492,0.052
1603,0.249,0.224,0.218,,2494,0.0517
1604,0.25,0.228,0.222,,2496,0.0515
1605,0.247,0.237,0.23,,2498,0.0515
1606,0.247,0.241,0.235,,2500,0.0515
1607,0.245,0.233,0.226,,2520,0.0498
1608,0.25,0.23,0.223,,2540,0.0481
1609,0.249,0.227,0.221,,2560,0.0467
1610,0.233,0.218,0.211,,2580,0.0455
1611,0.241,0.227,0.22,,2600,0.0446
1612,0.241,0.231,0.224,,2620,0.043
1613,0.246,0.237,0.23,,2640,0.0421
1614,0.243,0.238,0.232,,2660,0.0408
1615,0.244,0.241,0.234,,2680,0.0397
1616,0.232,0.231,0.224,,2700,0.0387
1617,0.236,0.235,0.228,,2720,0.0376
1618,0.244,0.244,0.237,,2740,0.0366
1619,0.242,0.241,0.234,,2760,0.0355
1620,0.234,0.234,0.228,,2780,0.0347
1621,0.234,0.234,0.228,,2800,0.0338
1622,0.237,0.238,0.231,,2820,0.033
1623,0.242,0.242,0.236,,2840,0.0321
1624,0.242,0.243,0.236,,2860,0.0312
1625,0.237,0.238,0.231,,2880,0.0303
1626,0.24,0.24,0.233,,2900,0.0297
1627,0.24,0.241,0.234,,2920,0.0289
1628,0.241,0.241,0.234,,2940,0.0282
1629,0.241,0.241,0.235,,2960,0.0275
1630,0.237,0.237,0.23,,2980,0.0268
1631,0.239,0.238,0.231,,3000,0.0261
1632,0.239,0.238,0.232,,3020,0.0255
1633,0.236,0.233,0.226,,3040,0.0246
1634,0.233,0.233,0.226,,3060,0.0242
1635,0.237,0.234,0.227,,3080,0.0236
1636,0.237,0.235,0.229,,3100,0.0231
1637,0.227,0.227,0.221,,3120,0.0225
1638,0.227,0.22,0.214,,3140,0.022
1639,0.222,0.22,0.214,,3160,0.0214
1640,0.226,0.215,0.209,,3180,0.021
1641,0.224,0.22,0.213,,3200,0.0205
1642,0.224,0.221,0.215,,3220,0.02
1643,0.229,0.215,0.209,,3240,0.0195
1644,0.226,0.224,0.217,,3260,0.0191
1645,0.225,0.218,0.212,,3280,0.0186
1646,0.229,0.217,0.211,,3300,0.018
1647,0.229,0.228,0.221,,3320,0.0177
1648,0.229,0.217,0.211,,3340,0.0174
1649,0.224,0.219,0.213,,3360,0.017
1650,0.228,0.225,0.219,,3380,0.0166
1651,0.224,0.209,0.203,,3400,0.0161
1652,0.228,0.224,0.218,,3420,0.0158
1653,0.225,0.223,0.217,,3440,0.0155
1654,0.227,0.216,0.21,,3460,0.0152
1655,0.224,0.222,0.216,,3480,0.0149
1656,0.226,0.221,0.215,,3500,0.0146
1657,0.226,0.222,0.216,,3520,0.0143
1658,0.225,0.225,0.219,,3540,0.0139
1659,0.222,0.221,0.215,,3560,0.0136
1660,0.224,0.223,0.217,,3580,0.0133
1661,0.225,0.224,0.218,,3600,0.0131
1662,0.224,0.219,0.213,,3620,0.0128
1663,0.223,0.222,0.216,,3640,0.0125
1664,0.223,0.221,0.215,,3660,0.0122
1665,0.221,0.212,0.206,,3680,0.0119
1666,0.219,0.179,0.174,,3700,0.0116
1667,0.22,0.211,0.205,,3720,0.0115
1668,0.216,0.215,0.209,,3740,0.0111
1669,0.218,0.215,0.209,,3760,0.011
1670,0.222,0.222,0.216,,3780,0.0108
1671,0.221,0.219,0.213,,3800,0.0106
1672,0.212,0.211,0.206,,3820,0.0104
1673,0.216,0.216,0.211,,3840,0.0102
1674,0.219,0.216,0.21,,3860,0.00998
1675,0.216,0.214,0.208,,3880,0.00978
1676,0.213,0.211,0.206,,3900,0.0096
1677,0.215,0.212,0.207,,3920,0.00943
1678,0.216,0.209,0.204,,3940,0.00923
1679,0.213,0.213,0.207,,3960,0.00903
1680,0.206,0.206,0.2,,3980,0.00886
1681,0.198,0.194,0.189,,4000,0.00867
1682,0.203,0.204,0.198,,4020,0.00856
1683,0.209,0.209,0.204,,4040,0.00839
1684,0.212,0.198,0.193,,4060,0.00822
1685,0.213,0.213,0.208,,4080,0.00805
1686,0.21,0.21,0.205,,4100,0.00789
1687,0.211,0.205,0.2,,4120,0.00774
1688,0.211,0.21,0.205,,4140,0.00759
1689,0.208,0.207,0.202,,4160,0.00744
1690,0.208,0.205,0.2,,4180,0.00729
1691,0.212,0.193,0.188,,4200,0.00715
1692,0.212,0.207,0.202,,4220,0.00701
1693,0.211,0.211,0.206,,4240,0.00688
1694,0.211,0.205,0.2,,4260,0.00675
1695,0.211,0.21,0.204,,4280,0.00662
1696,0.21,0.209,0.204,,4300,0.0065
1697,0.208,0.181,0.176,,4320,0.00637
1698,0.209,0.207,0.202,,4340,0.00625
1699,0.208,0.206,0.2,,4360,0.00614
1700,0.205,0.2,0.195,,4380,0.00602
1702,0.205,0.204,0.199,,4400,0.00591
1705,0.204,0.198,0.193,,4420,0.0058
1710,0.199,0.188,0.183,,4440,0.0057
1715,0.202,0.19,0.185,,4460,0.00559
1720,0.198,0.187,0.182,,4480,0.00549
1725,0.197,0.178,0.174,,4500,0.00539
1730,0.193,0.174,0.17,,4520,0.0053
1735,0.182,0.162,0.158,,4540,0.0052
1740,0.19,0.168,0.164,,4560,0.00511
1745,0.186,0.155,0.151,,4580,0.00502
1750,0.185,0.166,0.162,,4600,0.00493
1755,0.185,0.153,0.149,,4620,0.00484
1760,0.182,0.16,0.156,,4640,0.00476
1765,0.181,0.133,0.13,,4660,0.00467
1770,0.18,0.142,0.138,,4680,0.00459
1775,0.176,0.115,0.112,,4700,0.00451
1780,0.176,0.101,0.0981,,4720,0.00444
1785,0.174,0.077,0.0752,,4740,0.00436
1790,0.174,0.0889,0.0868,,4760,0.00428
1795,0.171,0.0469,0.0459,,4780,0.00421
1800,0.168,0.0318,0.0311,,4800,0.00414
1805,0.169,0.0148,0.0145,,4820,0.00407
1810,0.169,0.00969,0.00948,,4840,0.004
1815,0.155,0.00328,0.00321,,4860,0.00394
1820,0.16,0.000988,0.000966,,4880,0.00387
1825,0.163,0.00127,0.00125,,4900,0.00381
1830,0.159,5.2E-06,5.09E-06,,4920,0.00374
1835,0.158,6.42E-06,6.28E-06,,4940,0.00368
1840,0.156,6.27E-08,6.13E-08,,4960,0.00362
1845,0.153,6.27E-06,6.13E-06,,4980,0.00356
1850,0.153,3E-06,2.93E-06,,5000,0.0035
1855,0.151,2.84E-07,2.78E-07,,5050,0.00339
1860,0.149,1.12E-05,1.09E-05,,5100,0.00327
1865,0.147,1.7E-05,1.66E-05,,5150,0.00315
1870,0.146,2.67E-10,2.61E-10,,5200,0.00303
1875,0.132,4.51E-10,4.43E-10,,5250,0.00292
1880,0.147,7.75E-05,7.61E-05,,5300,0.00281
1885,0.146,4.39E-05,4.31E-05,,5350,0.00271
1890,0.14,0.000223,0.00022,,5400,0.00262
1895,0.138,0.000129,0.000127,,5450,0.00253
1900,0.14,8.62E-07,8.49E-07,,5500,0.00244
1905,0.139,5.67E-07,5.58E-07,,5550,0.00235
1910,0.137,2.3E-05,2.27E-05,,5600,0.00228
1915,0.136,1.99E-05,1.97E-05,,5650,0.0022
1920,0.135,0.000451,0.000445,,5700,0.00212
1925,0.134,0.000936,0.000923,,5750,0.00205
1930,0.131,0.000552,0.000545,,5800,0.00199
1935,0.132,0.00359,0.00354,,5850,0.00192
1940,0.13,0.00328,0.00324,,5900,0.00186
1945,0.119,0.0109,0.0107,,5950,0.0018
1950,0.126,0.0167,0.0165,,6000,0.00174
1955,0.128,0.01,0.00989,,6050,0.00169
1960,0.126,0.0219,0.0216,,6100,0.00163
1965,0.123,0.0286,0.0281,,6150,0.00158
1970,0.124,0.0488,0.0481,,6200,0.00153
1975,0.121,0.0679,0.0667,,6250,0.00149
1980,0.12,0.0755,0.0742,,6300,0.00144
1985,0.119,0.0831,0.0816,,6350,0.0014
1990,0.12,0.0856,0.0841,,6400,0.00136
1995,0.117,0.0812,0.0798,,6450,0.00132
2000,0.117,0.0382,0.0375,,6500,0.00128
2005,0.115,0.015,0.0147,,6550,0.00124
2010,0.115,0.0397,0.0391,,6600,0.0012
2015,0.114,0.0266,0.0262,,6650,0.00117
2020,0.112,0.045,0.0442,,6700,0.00114
2025,0.112,0.074,0.0728,,6750,0.0011
2030,0.11,0.0849,0.0835,,6800,0.00107
2035,0.109,0.0964,0.0948,,6850,0.00104
2040,0.107,0.0898,0.0883,,6900,0.00101
2045,0.108,0.0911,0.0896,,6950,0.000986
2050,0.106,0.0679,0.0669,,7000,0.000959
2055,0.105,0.0549,0.0541,,7050,0.000933
2060,0.103,0.0692,0.0682,,7100,0.000908
2065,0.102,0.0619,0.061,,7150,0.000884
2070,0.101,0.0657,0.0647,,7200,0.00086
2075,0.101,0.0774,0.0763,,7250,0.000837
2080,0.0993,0.0868,0.0855,,7300,0.000815
2085,0.0983,0.0851,0.0838,,7350,0.000794
2090,0.0975,0.0891,0.0878,,7400,0.000774
2095,0.096,0.0897,0.0884,,7450,0.000754
2100,0.0962,0.0861,0.0849,,7500,0.000734
2105,0.0958,0.0932,0.0918,,7550,0.000716
2110,0.0946,0.0897,0.0883,,7600,0.000698
2115,0.0939,0.0917,0.0903,,7650,0.00068
2120,0.0931,0.0876,0.0863,,7700,0.000663
2125,0.0922,0.0886,0.0873,,7750,0.000647
2130,0.0924,0.0898,0.0884,,7800,0.000631
2135,0.0911,0.09,0.0887,,7850,0.000616
2140,0.0911,0.0908,0.0894,,7900,0.000601
2145,0.0899,0.0895,0.0881,,7950,0.000586
2150,0.0897,0.0846,0.0834,,8000,0.000572
2155,0.0889,0.0848,0.0836,,8050,0.000558
2160,0.0879,0.0842,0.0829,,8100,0.000545
2165,0.082,0.0763,0.0752,,8150,0.000532
2170,0.0854,0.082,0.0808,,8200,0.00052
2175,0.0858,0.0804,0.0793,,8250,0.000508
2180,0.0846,0.0818,0.0806,,8300,0.000496
2185,0.0847,0.0746,0.0735,,8350,0.000485
2190,0.0831,0.0791,0.0779,,8400,0.000474
2195,0.0835,0.079,0.0778,,8450,0.000463
2200,0.0828,0.0712,0.0702,,8500,0.000452
2205,0.0809,0.074,0.0729,,8550,0.000442
2210,0.0808,0.0793,0.0782,,8600,0.000432
2215,0.0804,0.0763,0.0752,,8650,0.000423
2220,0.08,0.0777,0.0766,,8700,0.000413
2225,0.0788,0.0755,0.0744,,8750,0.000404
2230,0.0784,0.0758,0.0747,,8800,0.000396
2235,0.0779,0.0743,0.0733,,8850,0.000387
2240,0.0765,0.0731,0.0721,,8900,0.000379
2245,0.0762,0.0708,0.0699,,8950,0.000371
2250,0.0754,0.0719,0.071,,9000,0.000363
2255,0.0743,0.0677,0.0669,,9050,0.000355
2260,0.0741,0.0669,0.0661,,9100,0.000347
2265,0.0733,0.0681,0.0674,,9150,0.00034
2270,0.0731,0.0649,0.0641,,9200,0.000333
2275,0.0726,0.064,0.0633,,9250,0.000326
2280,0.0714,0.0663,0.0656,,9300,0.00032
2285,0.0714,0.0631,0.0624,,9350,0.000313
2290,0.0712,0.0632,0.0625,,9400,0.000306
2295,0.0693,0.0613,0.0606,,9450,0.0003
2300,0.0696,0.0588,0.0582,,9500,0.000294
2305,0.0694,0.0592,0.0585,,9550,0.000288
2310,0.0689,0.0639,0.0632,,9600,0.000282
2315,0.0682,0.0581,0.0575,,9650,0.000277
2320,0.0676,0.052,0.0515,,9700,0.000271
2325,0.0656,0.0562,0.0556,,9750,0.000266
2330,0.0662,0.0568,0.0562,,9800,0.000261
2335,0.0657,0.058,0.0574,,9850,0.000256
2340,0.0652,0.0458,0.0454,,9900,0.000251
2345,0.0651,0.0514,0.0509,,9950,0.000246
2350,0.0643,0.0415,0.0411,,10000,0.000241
2355,0.0626,0.0475,0.047,,11000,0.000164
2360,0.0631,0.0502,0.0497,,12000,0.000115
2365,0.063,0.0494,0.0489,,13000,8.34E-05
2370,0.0624,0.0308,0.0305,,14000,6.19E-05
2375,0.0614,0.0441,0.0437,,15000,4.69E-05
2380,0.0618,0.0426,0.0421,,16000,3.61E-05
2385,0.0591,0.0308,0.0305,,17000,2.83E-05
2390,0.0604,0.0371,0.0367,,18000,2.25E-05
2395,0.0601,0.0406,0.0402,,19000,1.81E-05
2400,0.0597,0.0442,0.0437,,20000,1.47E-05
2405,0.0594,0.0336,0.0333,,25000,6.05E-06
2410,0.0592,0.0338,0.0335,,30000,2.93E-06
2415,0.057,0.0273,0.0271,,35000,1.58E-06
2420,0.0578,0.0266,0.0264,,40000,9.31E-07
2425,0.0573,0.0331,0.0328,,50000,3.83E-07
2430,0.0572,0.0451,0.0447,,60000,1.85E-07
2435,0.0565,0.0149,0.0148,,80000,5.88E-08
2440,0.0563,0.0432,0.0429,,100000,2.42E-08
2445,0.0556,0.0208,0.0207,,120000,1.17E-08
2450,0.0546,0.0136,0.0135,,150000,4.81E-09
2455,0.0542,0.0249,0.0247,,200000,1.53E-09
2460,0.0545,0.0334,0.0332,,250000,6.28E-10
2465,0.0543,0.0241,0.024,,300000,2.95E-10
2470,0.0534,0.0167,0.0166,,400000,1.01E-10
2475,0.0534,0.0165,0.0164,,1000000,3.38E-12
2480,0.0521,0.00804,0.008,,,
2485,0.0518,0.00561,0.00558,,,
2490,0.0522,0.00351,0.0035,,,
2495,0.0489,0.00288,0.00286,,,
2500,0.0514,0.00706,0.00703,,,
2505,0.0508,0.00152,0.00151,,,
2510,0.0496,0.00222,0.00221,,,
2515,0.0488,0.000519,0.000516,,,
2520,0.0481,0.000371,0.000369,,,
2525,0.0476,4.14E-05,4.12E-05,,,
2530,0.0477,6.36E-07,6.33E-07,,,
2535,0.0471,1.75E-07,1.74E-07,,,
2540,0.0468,3.77E-07,3.75E-07,,,
2545,0.0466,5.38E-11,5.35E-11,,,
2550,0.0463,2.82E-13,2.81E-13,,,
2555,0.0459,1.04E-09,1.04E-09,,,
2560,0.0454,3.1E-11,3.08E-11,,,
2565,0.0452,1.6E-14,1.58E-14,,,
2570,0.0449,1.53E-18,1.52E-18,,,
2575,0.0445,1.08E-27,1.07E-27,,,
2580,0.0441,3.82E-22,3.79E-22,,,
2585,0.0433,1.72E-34,1.71E-34,,,
2590,0.0434,5.48E-31,5.44E-31,,,
2595,0.043,2.28E-33,2.27E-33,,,
2600,0.0429,4.49E-28,4.46E-28,,,
2605,0.0428,5.81E-35,5.76E-35,,,
2610,0.0425,5.94E-34,5.9E-34,,,
2615,0.0423,1.12E-37,1.11E-37,,,
2620,0.0419,5.65E-29,5.61E-29,,,
2625,0.0406,3.87E-28,3.84E-28,,,
2630,0.0412,2.8E-45,2.8E-45,,,
2635,0.041,3.9E-16,3.87E-16,,,
2640,0.0402,1.18E-16,1.17E-16,,,
2645,0.0402,9E-19,8.93E-19,,,
2650,0.04,1.43E-19,1.42E-19,,,
2655,0.0396,1.31E-27,1.3E-27,,,
2660,0.0395,2.61E-25,2.59E-25,,,
2665,0.0389,1.11E-37,1.1E-37,,,
2670,0.0391,0,0,,,
2675,0.0386,0,0,,,
2680,0.0384,0,0,,,
2685,0.0382,0,0,,,
2690,0.0378,1.02E-29,1.02E-29,,,
2695,0.0375,7.13E-33,7.1E-33,,,
2700,0.0371,0,0,,,
2705,0.0369,2.93E-42,2.93E-42,,,
2710,0.0367,1.13E-35,1.12E-35,,,
2715,0.0366,3.86E-26,3.85E-26,,,
2720,0.0364,5.61E-45,5.61E-45,,,
2725,0.0361,7.29E-22,7.31E-22,,,
2730,0.036,6.07E-19,6.09E-19,,,
2735,0.0357,5.49E-21,5.51E-21,,,
2740,0.0355,2.33E-27,2.34E-27,,,
2745,0.0354,1.31E-23,1.32E-23,,,
2750,0.0352,1.66E-28,1.68E-28,,,
2755,0.0349,6.73E-44,6.73E-44,,,
2760,0.0345,0,0,,,
2765,0.0344,2.68E-27,2.7E-27,,,
2770,0.0343,8.38E-24,8.45E-24,,,
2775,0.0339,4E-38,4.04E-38,,,
2780,0.0336,4.81E-34,4.85E-34,,,
2785,0.0334,3.89E-27,3.93E-27,,,
2790,0.0332,1.22E-16,1.23E-16,,,
2795,0.0329,3.62E-16,3.66E-16,,,
2800,0.0328,1.65E-12,1.67E-12,,,
2805,0.0325,6.75E-14,6.82E-14,,,
2810,0.0324,4.02E-10,4.07E-10,,,
2815,0.0323,2.87E-10,2.9E-10,,,
2820,0.0321,2.05E-11,2.08E-11,,,
2825,0.0318,1.76E-07,1.78E-07,,,
2830,0.0317,3.9E-06,3.95E-06,,,
2835,0.0314,2.13E-10,2.15E-10,,,
2840,0.0312,1.96E-07,1.98E-07,,,
2845,0.0309,4.06E-05,4.11E-05,,,
2850,0.0307,1.16E-06,1.17E-06,,,
2855,0.0304,4.49E-07,4.54E-07,,,
2860,0.0302,2.54E-05,2.57E-05,,,
2865,0.03,0.000168,0.00017,,,
2870,0.0296,6.31E-06,6.39E-06,,,
2875,0.0294,0.000392,0.000397,,,
2880,0.0294,0.000247,0.00025,,,
2885,0.0292,0.000453,0.000459,,,
2890,0.0291,0.000186,0.000189,,,
2895,0.029,0.00266,0.0027,,,
2900,0.0288,0.000812,0.000822,,,
2905,0.0287,0.000111,0.000112,,,
2910,0.0285,0.00272,0.00276,,,
2915,0.0282,0.00126,0.00127,,,
2920,0.028,0.00289,0.00293,,,
2925,0.0278,0.00108,0.0011,,,
2930,0.0276,0.00589,0.00596,,,
2935,0.0273,0.00649,0.00657,,,
2940,0.0271,0.00163,0.00165,,,
2945,0.0268,0.00145,0.00147,,,
2950,0.0267,0.00523,0.00529,,,
2955,0.0266,0.00234,0.00237,,,
2960,0.0264,0.0046,0.00465,,,
2965,0.0263,0.00744,0.00753,,,
2970,0.0261,0.000352,0.000357,,,
2975,0.026,0.000854,0.000865,,,
2980,0.0258,0.00134,0.00135,,,
2985,0.0257,0.00696,0.00705,,,
2990,0.0255,0.0103,0.0104,,,
2995,0.0254,0.00428,0.00433,,,
3000,0.0253,0.00785,0.00794,,,
3005,0.0251,0.00289,0.00293,,,
3010,0.025,0.00685,0.00693,,,
3015,0.0249,0.00556,0.00562,,,
3020,0.0247,0.000634,0.000641,,,
3025,0.0245,0.0075,0.00759,,,
3030,0.0244,0.00608,0.00615,,,
3035,0.0242,0.0025,0.00253,,,
3040,0.0239,0.00202,0.00205,,,
3045,0.024,0.00421,0.00426,,,
3050,0.0239,0.00103,0.00104,,,
3055,0.0239,0.000289,0.000293,,,
3060,0.0238,0.0063,0.00638,,,
3065,0.0235,0.00291,0.00295,,,
3070,0.0234,0.00175,0.00177,,,
3075,0.0233,0.00602,0.00609,,,
3080,0.0232,0.00362,0.00366,,,
3085,0.023,0.00177,0.00179,,,
3090,0.0228,0.00238,0.00241,,,
3095,0.0226,0.000655,0.000663,,,
3100,0.0224,0.0044,0.00445,,,
3105,0.0223,0.000922,0.000932,,,
3110,0.0221,0.000846,0.000855,,,
3115,0.0218,0.00227,0.00229,,,
3120,0.0217,0.00982,0.00993,,,
3125,0.0216,0.00303,0.00306,,,
3130,0.0215,0.00576,0.00582,,,
3135,0.0214,0.0114,0.0116,,,
3140,0.0212,0.00332,0.00336,,,
3145,0.0211,0.00325,0.00329,,,
3150,0.0209,0.00667,0.00675,,,
3155,0.0208,0.00564,0.0057,,,
3160,0.0207,0.00923,0.00933,,,
3165,0.0207,0.014,0.0142,,,
3170,0.0205,0.0125,0.0126,,,
3175,0.0205,0.00923,0.00933,,,
3180,0.0203,0.0106,0.0107,,,
3185,0.0202,0.00808,0.00816,,,
3190,0.0202,0.00424,0.00428,,,
3195,0.0201,0.00269,0.00272,,,
3200,0.0199,0.000438,0.000443,,,
3205,0.0199,0.00031,0.000313,,,
3210,0.0198,0.000136,0.000138,,,
3215,0.0196,0.000498,0.000502,,,
3220,0.0195,0.00161,0.00162,,,
3225,0.0194,0.000199,0.000201,,,
3230,0.0194,0.000341,0.000344,,,
3235,0.0193,0.00729,0.00736,,,
3240,0.0192,0.00375,0.00378,,,
3245,0.0191,0.000734,0.000741,,,
3250,0.0191,0.00261,0.00263,,,
3255,0.0189,0.00994,0.01,,,
3260,0.0188,0.00122,0.00124,,,
3265,0.0187,0.00245,0.00247,,,
3270,0.0186,0.00122,0.00123,,,
3275,0.0185,0.00593,0.00598,,,
3280,0.0184,0.00286,0.00289,,,
3285,0.0183,0.0111,0.0112,,,
3290,0.0183,0.00876,0.00883,,,
3295,0.018,0.00122,0.00123,,,
3300,0.0179,0.00178,0.00179,,,
3305,0.0179,0.00394,0.00397,,,
3310,0.0177,0.00392,0.00396,,,
3315,0.0176,1.61E-05,1.63E-05,,,
3320,0.0173,6E-05,6.05E-05,,,
3325,0.0173,0.00352,0.00355,,,
3330,0.0171,0.00466,0.0047,,,
3335,0.017,0.00907,0.00915,,,
3340,0.0169,0.00346,0.00349,,,
3345,0.0168,0.00354,0.00357,,,
3350,0.0166,0.00803,0.0081,,,
3355,0.0165,0.00363,0.00366,,,
3360,0.0164,0.00524,0.00529,,,
3365,0.0163,0.00719,0.00726,,,
3370,0.0162,0.00394,0.00398,,,
3375,0.0161,0.00846,0.00854,,,
3380,0.016,0.00511,0.00516,,,
3385,0.016,0.00749,0.00756,,,
3390,0.0159,0.00986,0.00996,,,
3395,0.0158,0.00955,0.00964,,,
3400,0.0156,0.0125,0.0126,,,
3405,0.0157,0.00446,0.00451,,,
3410,0.0155,0.00708,0.00715,,,
3415,0.0155,0.00728,0.00735,,,
3420,0.0154,0.0132,0.0133,,,
3425,0.0153,0.01,0.0101,,,
3430,0.0152,0.00869,0.00878,,,
3435,0.0152,0.0116,0.0117,,,
3440,0.015,0.00803,0.00812,,,
3445,0.015,0.0113,0.0114,,,
3450,0.0149,0.0112,0.0113,,,
3455,0.0149,0.00831,0.00839,,,
3460,0.0148,0.0125,0.0127,,,
3465,0.0148,0.00982,0.00992,,,
3470,0.0147,0.0123,0.0124,,,
3475,0.0146,0.0109,0.0111,,,
3480,0.0145,0.0112,0.0113,,,
3485,0.0144,0.0121,0.0122,,,
3490,0.0144,0.0104,0.0105,,,
3495,0.0143,0.0123,0.0124,,,
3500,0.0142,0.0119,0.012,,,
3505,0.0141,0.0118,0.0119,,,
3510,0.014,0.012,0.0121,,,
3515,0.014,0.0115,0.0116,,,
3520,0.0139,0.0121,0.0122,,,
3525,0.0139,0.0114,0.0115,,,
3530,0.0138,0.0111,0.0112,,,
3535,0.0138,0.00946,0.00953,,,
3540,0.0137,0.00903,0.0091,,,
3545,0.0137,0.00954,0.00962,,,
3550,0.0136,0.0105,0.0106,,,
3555,0.0135,0.00906,0.00912,,,
3560,0.0134,0.0108,0.0109,,,
3565,0.0134,0.0109,0.0109,,,
3570,0.0132,0.00834,0.0084,,,
3575,0.0132,0.00864,0.0087,,,
3580,0.0131,0.0102,0.0103,,,
3585,0.0131,0.00917,0.00923,,,
3590,0.013,0.00945,0.00951,,,
3595,0.0129,0.00967,0.00973,,,
3600,0.0129,0.0103,0.0103,,,
3605,0.0128,0.0104,0.0104,,,
3610,0.0127,0.00948,0.00954,,,
3615,0.0127,0.00947,0.00953,,,
3620,0.0126,0.0116,0.0117,,,
3625,0.0126,0.0102,0.0103,,,
3630,0.0125,0.00996,0.01,,,
3635,0.0125,0.0103,0.0104,,,
3640,0.0124,0.0115,0.0115,,,
3645,0.0124,0.0106,0.0107,,,
3650,0.0123,0.0101,0.0102,,,
3655,0.0122,0.011,0.011,,,
3660,0.0121,0.0109,0.011,,,
3665,0.0121,0.0103,0.0103,,,
3670,0.012,0.0079,0.00795,,,
3675,0.012,0.00483,0.00486,,,
3680,0.0119,0.00833,0.00838,,,
3685,0.0118,0.00944,0.00949,,,
3690,0.0118,0.00969,0.00975,,,
3695,0.0117,0.0101,0.0102,,,
3700,0.0115,0.0109,0.0109,,,
3705,0.0116,0.0108,0.0108,,,
3710,0.0115,0.00936,0.00941,,,
3715,0.0115,0.00923,0.00927,,,
3720,0.0114,0.0104,0.0104,,,
3725,0.0114,0.0107,0.0108,,,
3730,0.0113,0.00927,0.00932,,,
3735,0.0113,0.00858,0.00863,,,
3740,0.0111,0.00885,0.00889,,,
3745,0.0111,0.0103,0.0104,,,
3750,0.011,0.00929,0.00933,,,
3755,0.011,0.00899,0.00903,,,
3760,0.0109,0.00886,0.0089,,,
3765,0.0109,0.00855,0.00859,,,
3770,0.0109,0.00912,0.00916,,,
3775,0.0108,0.00905,0.00909,,,
3780,0.0107,0.00957,0.00962,,,
3785,0.0107,0.00881,0.00885,,,
3790,0.0106,0.00776,0.00779,,,
3795,0.0106,0.00887,0.00891,,,
3800,0.0105,0.00986,0.0099,,,
3805,0.0105,0.0093,0.00934,,,
3810,0.0104,0.00825,0.00828,,,
3815,0.0104,0.00776,0.00779,,,
3820,0.0103,0.00966,0.00969,,,
3825,0.0103,0.00951,0.00954,,,
3830,0.0103,0.00959,0.00963,,,
3835,0.0102,0.00769,0.00772,,,
3840,0.0101,0.00898,0.00901,,,
3845,0.0101,0.00878,0.00881,,,
3850,0.01,0.00883,0.00886,,,
3855,0.01,0.00851,0.00854,,,
3860,0.00994,0.00799,0.00802,,,
3865,0.00991,0.0081,0.00812,,,
3870,0.00983,0.00736,0.00738,,,
3875,0.00983,0.00676,0.00678,,,
3880,0.00975,0.00653,0.00655,,,
3885,0.0097,0.00677,0.00679,,,
3890,0.00971,0.00688,0.0069,,,
3895,0.00962,0.00748,0.0075,,,
3900,0.0096,0.00793,0.00795,,,
3905,0.00959,0.00793,0.00795,,,
3910,0.00952,0.00714,0.00716,,,
3915,0.0095,0.00699,0.00701,,,
3920,0.00941,0.00695,0.00697,,,
3925,0.0094,0.00685,0.00687,,,
3930,0.00932,0.00705,0.00707,,,
3935,0.0093,0.00735,0.00737,,,
3940,0.00923,0.0074,0.00742,,,
3945,0.0092,0.00754,0.00756,,,
3950,0.00911,0.00763,0.00765,,,
3955,0.00908,0.00772,0.00774,,,
3960,0.00902,0.00775,0.00777,,,
3965,0.00901,0.00781,0.00783,,,
3970,0.00893,0.00768,0.0077,,,
3975,0.00891,0.00751,0.00753,,,
3980,0.00884,0.00739,0.0074,,,
3985,0.0088,0.00743,0.00745,,,
3990,0.00878,0.00737,0.00739,,,
3995,0.0087,0.00721,0.00723,,,
4000,0.00868,0.0071,0.00712,,,
